Peak Number,Name,Formula,Molecular Weight,1st RT,2nd RT,Ranking,Area
22,"Hexane, 2,3,4-trimethyl-",C9H20,128,610.5,1.085,M,391321
26,"3,4,5,6-Tetrahydrophthalic anhydride",C8H8O3,152,614,1.04,M,70130
35,"2-Butanone, 3,3-dimethyl-",C6H12O,100,617.5,1.06,M,270657
44,"5-Hexen-2-one, 5-methyl-",C7H12O,112,621,1.095,M,135790
53,"Benzene, 1-ethyl-2-methyl-",C9H12,120,628,0.97,M,916062
59,Hexanoic acid,C6H12O2,116,631.5,1.02,M,2367405
80,"3-Hexene, 2,2-dimethyl-",C8H16,112,638.5,1.09,L,139287
83,3-Amino-2-oxazolidinone,C3H6N2O2,102,638.5,1.245,L,1634166
115,Phenol,C6H6O,94,652.5,1.105,H,2786598
126,"2(5H)-Furanone, 3-methyl-",C5H6O2,98,656,1.225,H,2463744
129,"Furan, 2-pentyl-",C9H14O,138,659.5,0.96,H,1383795
140,"1-Hexene, 1-butoxy-2-ethyl-",C12H24O,184,663,1.2,L,96350
177,2-Propen-1-ol,C3H6O,58,673.5,1.355,L,15746273
181,"1H,1H,2H,2H-Perfluorodecan-1-ol",C10H5F17O,464,677,0.86,L,672739
188,"3-Pentanol, 2-methyl-",C5H8N2O3,144,677,1.18,L,1286697
197,"2-Furanone, 2,5-dihydro-3,5-dimethyl",C6H8O2,112,680.5,1.17,H,996882
208,"1,5-Diazocine, octahydro-1,5-dinitroso-",C6H12N4O2,172,684,1.145,L,79767
213,"Oxazolidine, 2-ethyl-4,4-dimethyl-",C7H15NO,129,687.5,1.05,L,81466
234,3-Ethenyl-3-methylcyclopentanone,C8H12O,124,698,1.15,L,77783
242,Benzyl chloride,C7H7Cl,126,701.5,1.115,L,3567701
244,"2H-Benzo[f]oxireno[2,3-E]benzofuran-8(9H)-one, 9-[(hexahydro-1H-azepin-1-yl)methyl]octahydro-2,5a-dimethyl-",C21H33NO3,347,701.5,1.215,L,460339
252,"4(H)-Pyridine, N-acetyl-",C7H9NO,123,705,1.17,M,343145
262,"Acethydrazide, N2-(1,2-dimethylpropylideno)-",C7H12O2,128,708.5,1.13,L,120680
265,Glycerin,C3H8O3,92,708.5,1.37,M,22249911
277,"2-Cyclopenten-1-one, 2-hydroxy-3-methyl-",C6H8O2,112,715.5,1.17,H,2811785
291,"2-Cyclopenten-1-one, 3-methoxy-4-methyl-",C7H10O2,126,722.5,1.125,L,46469
297,"1-Propanol, 2,2'-oxybis-",C6H14O3,134,726,1.125,H,4560988
298,2-Acetyl-5-methylfuran,C7H8O2,124,726,1.14,H,90549
308,Allyl n-octyl ether,C11H22O,170,729.5,1.225,M,617118
309,N-(N-Glycylglycyl)glycine,C6H11N3O4,189,729.5,1.25,L,3084049
313,"1-Propanol, 2,2'-oxybis-",C6H14O3,134,733,1.13,M,15553589
319,"2(3H)-Furanone, 5-ethenyldihydro-5-methyl-",C7H10O2,126,736.5,1.185,M,238564
322,"2,2-Dimethyl-3-heptanone",C9H18O,142,736.5,1.25,L,300208
331,Benzeneacetaldehyde,C8H8O,120,740,1.165,H,2720100
335,4-t-Butylurazole,C6H11N3O2,157,740,1.215,L,240341
341,"2-Pyrrolidinone, 1-methyl-",C5H9NO,99,743.5,1.265,M,603914
348,"Benzene, 1-ethynyl-4-methyl-",C9H8,116,747,1.125,M,124867
357,"2,5-Dimethyl-4-hydroxy-3(2H)-furanone",C6H8O3,128,750.5,1.215,H,5379475
360,"6,7-Dodecanedione",C12H22O2,198,754,1.07,M,1028915
362,"2-Cyclopenten-1-one, 3-ethyl-2-hydroxy-",C7H10O2,126,754,1.125,M,171344
374,3-Acetyl-1H-pyrroline,C6H7NO,109,761,1.22,M,171542
375,3-Methyl-isoxazol-5(4H)-one,C4H5NO2,99,761,1.28,M,153367
380,"2,N-Dibenzoyl-6-hexanelactam",C20H19NO3,321,764.5,1.185,L,365305
393,6-Amino-hex-2-en-1-ol,C6H13NO,115,771.5,1.125,L,277630
394,"1,2-Butanediol",C4H10O2,90,771.5,1.14,L,1505674
397,p-Cresol,C7H8O,108,775,1.15,H,925145
400,"3,3,3-Trifluoro-N-(4-fluorophenyl)-2-(trifluoromethyl)propionamide",C10H6F7NO,289,775,1.235,L,164982
411,"Cyclohexane, ethyl-",C8H16,112,778.5,1.25,M,47312
412,4-Aminopyrimidine,C4H5N3,95,778.5,1.285,H,122701
429,3-Methyl-1-nitrobut-2-ene,C5H9NO2,115,785.5,1.295,L,593311
432,2-Pyrrolidinone,C4H7NO,85,785.5,1.375,H,3239963
436,"1,2,4-Triazin-3-amine, 5,6-dimethyl-",C5H8N4,124,789,1.2,M,305633
439,"2-Hexanone, 5-methyl-",C7H14O,114,792.5,1.015,M,1623766
443,"4-Hexen-2-one, 3-methyl-",C7H12O,112,792.5,1.27,M,58872
451,Furyl hydroxymethyl ketone,C6H6O3,126,796,1.22,M,746740
457,"4-Nonenal, (E)-",C9H16O,140,799.5,1.03,M,432204
459,"1-Butanamine, N-ethyl-",C6H15N,101,799.5,1.11,L,1421892
465,Allyl 2-ethyl butyrate,C9H16O2,156,803,1.055,L,54783
467,"Phenol, 2-methoxy-",C7H8O2,124,803,1.175,H,3493905
469,"2,5-Pyrrolidinedione, 1-methyl-",C5H7NO2,113,803,1.345,M,89502
477,"1H,1H,2H,2H-Perfluorodecan-1-ol",C10H5F17O,464,810,0.875,L,277485
483,"Cyclohexanone, 2-isopropyl-2,5-dimethyl-",C11H20O,168,810,1.165,L,127831
489,"1H-Imidazole, 4-methyl-",C4H6N2,82,813.5,1.27,L,210484
492,Trifluoroacetyl-di-t-butylphosphine,C10H18F3OP,242,813.5,1.41,M,15827811
498,"1-Hexene, 3,4,5-trimethyl-",C9H18,126,817,1.235,L,2002021
503,"2-Cyclohexen-1-one, 4,5-dimethyl-",C8H12O,124,820.5,1.19,L,120714
505,"Pyridine, 2,3,4,5-tetrahydro-",C5H9N,83,820.5,1.425,M,905120
507,"Hexanoic acid, 2-ethyl-",C8H16O2,144,824,1.05,M,1128098
512,4-Pyridinol,C5H5NO,95,824,1.255,L,1110284
516,"4(1H)-Pyrimidinone, 2-methyl-",C5H6N2O,110,827.5,1.31,L,48466
519,(Z)-Dec-4-enyl (E)-2-methylbut-2-enoate,C15H26O2,238,831,1.17,L,138593
522,"Oxirane, tetramethyl-",C6H12O,100,831,1.35,L,229116
524,"Octanoic acid, methyl ester",C9H18O2,158,834.5,1.005,M,1779127
527,"2-Hexanone, 6-bromo-",C6H11BrO,178,834.5,1.28,L,260316
528,"Cyclopentanone, 2,3-dimethyl-",C6H8O2,112,834.5,1.29,H,68045
533,Phenylethyl Alcohol,C8H10O,122,838,1.195,H,229945
537,Maltol,C6H6O3,126,838,1.245,H,421249
538,Levoglucosenone,C6H6O3,126,838,1.325,M,61683
539,Butyl-tert-butyl-isopropoxyborane,C11H25BO,184,838,1.335,L,97420
541,"Ethanone, 1-cyclopropyl-",C5H8O,84,841.5,1.05,L,452553
543,"2-Cyclopenten-1-one, 3-ethyl-2-hydroxy-",C7H10O2,126,841.5,1.175,H,173347
545,"3-Ureidopropionic acid, N-dimethylaminomethylene-, butyl ester",C11H21N3O3,243,841.5,1.265,L,60071
548,"Cyclobutanecarboxylic acid, cyclobutyl ester",C9H14O2,154,845,1.05,L,31941
553,"Sydnone, 3,4-dimethyl-",C4H6N2O2,114,845,1.475,L,101423
559,"Decane, 5-methyl-",C11H24,156,848.5,1.255,L,75865
562,n-Decanoic acid,C6H12O5,164,848.5,1.465,L,45930
567,"2(3H)-Furanone, 5-acetyldihydro-",C6H8O3,128,852,1.38,H,3192421
568,Succinimide,C4H5NO2,99,852,1.44,H,5159838
571,2-Isobutyl-3-methylpyrazine,C9H14N2,150,855.5,1.19,L,132932
575,Diallyl carbonate,C7H10O3,142,859,1.17,L,66769
588,"Nonanal, 3-(methylthio)-",C10H20OS,188,869.5,1.04,L,298584
590,"Dithiocarbamate, S-methyl-,N-(2-methyl-3-oxobutyl)-",C7H13NOS2,191,869.5,1.165,L,69699
595,"Cyclohexanone, 2-acetyl-",C8H12O2,140,873,1.135,L,23397
598,"2H-Pyran, 2-(3-butynyloxy)tetrahydro-",C9H14O2,154,873,1.295,L,1110064
600,"Imidazole-2-carboxylic acid, 4-methyl-",C8H12O,124,876.5,1.2,L,64787
601,"2,3-Dimethyl-3-pyrazolin-5-one",C5H8N2O,112,876.5,1.31,L,98091
602,"Heptanoic acid, 2-methylbutyl ester",C12H24O2,200,876.5,1.34,L,97745
608,"1,2-Dioxolan-3-one, 5-methyl-4-methylene-",C5H6O3,114,880,1.235,L,274904
610,3-Methoxymethoxy-2-methyl-non-1-ene,C12H24O2,200,880,1.325,L,770720
612,2-Oxepanone,C6H10O2,114,880,1.365,H,96799
616,Hexanamide,C9H19NO,157,883.5,1.23,L,828869
619,"3H-Indazol-3-one, 1,2,4,5,6,7-hexahydro-",C7H10N2O,138,887,1.15,M,71345
624,"2-Nonenal, (Z)-",C9H16O,140,890.5,1.04,M,289444
639,"2,3-Di-O-benzoyl-d-ribopyranose",C16H15NO,237,897.5,1.205,L,106904
641,2-Phenylpropenal,C9H8O,132,897.5,1.23,M,55989
642,"3-Pyridinol, 6-methyl-",C6H7NO,109,897.5,1.255,L,39914
645,Succinic anhydride,C4H4O3,100,897.5,1.415,L,684170
646,"2(3H)-Furanone, dihydro-4-hydroxy-",C4H6O3,102,897.5,1.465,M,485556
647,1-Nonanol,C9H20O,144,901,1.02,M,350234
649,Octanoic acid,C8H16O2,144,901,1.11,M,28519958
652,"Acetic acid, phenylmethyl ester",C9H10O2,150,901,1.17,H,147995
653,"1,3-Cyclopentadiene, 1,2,5,5-tetramethyl-",C9H14,122,901,1.175,L,78455
663,"Ethanone, 1-(3-ethyloxiranyl)-",C6H10O2,114,904.5,1.335,M,622346
667,"3-[N'-(3H-Indol-3-ylmethylene)-hydrazino]-5-methyl-[1,2,4]triazol-4-ylamine",C12H13N7,255,908,1.13,L,305460
669,N(N'-Methyl-N'-nitroso(aminomethyl))benzamide,C9H11N3O2,193,908,1.185,L,24373
671,Benzoic acid,C7H6O2,122,908,1.25,H,6155841
674,"(2,2-Dimethylcyclobutyl)methylamine",C7H15N,113,911.5,1.26,L,911978
676,"Acetic acid, 4-methyl-2-oxotetrahydropyran-4-yl ester",C8H12O4,172,911.5,1.375,M,84812
677,Oxazolidin-2-one,C3H5NO2,87,911.5,1.56,M,165063
679,"1,2-Benzenediol, O-isobutoxycarbonyl-",C9H12O2,152,915,1.13,M,65936
680,"2(1H)-Pyridinone, 3,6-dimethyl-",C8H13N,123,915,1.235,L,360650
682,"Decane, 1-fluoro-",C9H19F,146,918.5,1.01,M,38320
684,"Benzeneacetic acid, methyl ester",C9H10O2,150,918.5,1.2,H,668249
686,"Azetidine, n-propyl-",C6H13N,99,918.5,1.265,M,305987
688,"2-Oxazolidinone,4,4-dimethyl-",C5H9NO2,115,918.5,1.405,M,235968
699,2-Decanone,C10H20O,156,929,1.03,M,2271521
700,"Ethanol, 2-(2-butoxyethoxy)-",C8H18O3,162,929,1.11,M,1953915
701,"Benzaldehyde, 4-ethyl-",C9H10O,134,929,1.18,M,66312
706,"1,3-Butanediamine",C4H12N2,88,929,1.33,L,653812
717,"Cyclobutanecarboxylic acid, 2-pentadecyl ester",C20H38O2,310,936,1.14,L,177480
719,4-Vinyl-imidazole,C5H6N2,94,936,1.385,M,7848571
720,Glutarimide,C5H7NO2,113,936,1.425,M,414424
721,"1H,1H,2H,2H-Perfluorodecan-1-ol",C10H5F17O,464,939.5,0.87,L,83591
723,"2-Cyclohexen-1-one, 4-ethyl-4-methyl-",C9H14O,138,939.5,1.145,L,23771
724,"Ethanone, 1-(4-methylphenyl)-",C9H10O,134,939.5,1.19,H,375086
725,"Benzaldehyde, oxime",C7H7NO,121,939.5,1.2,H,33542
734,3-Trifluoroacetoxypentadecane,C17H31F3O2,324,943,1.02,L,133698
737,2-Methoxy-p-phenylenediamine,C8H10O2,138,943,1.185,L,46224
739,"2H-Pyran-2-one, 6-ethyltetrahydro-",C7H12O2,128,943,1.29,L,71927
740,"(S)-(+)-2',3'-Dideoxyribonolactone",C5H8O3,116,943,1.465,M,3286481
743,"Phenol, 2-(1-methylethyl)-",C9H12O,136,946.5,1.16,H,259993
747,"1-Heptene, 3-methyl-",C8H16,112,946.5,1.405,L,276594
748,2-Piperidinone,C5H9NO,99,946.5,1.415,M,353719
750,Decanal,C10H20O,156,950,1.025,M,864564
753,Methyl salicylate,C8H8O3,152,950,1.175,H,413981
754,p-Chlorophenyl (2-methoxyethyl)carbamate,C10H12ClNO3,229,950,1.225,L,308695
758,N-Glycylglycine,C4H8N2O3,132,950,1.33,M,33450
762,Pyrazine,C4H4N2,80,957,1.125,L,385652
764,Catechol,C6H6O2,110,957,1.255,H,2791084
773,"Cyclobutanone, 2-methyl-4-hydroxy-",C5H8O2,100,960.5,1.395,L,391028
776,"2,5-Dimethylbenzyl chloride",C9H11Cl,154,964,1.17,M,423088
778,"Bicyclo[2.2.1]heptane, 2-(1,1-dimethyl-2-propenyl)-",C8H11Cl3,212,964,1.315,L,53952
787,"Ethane, 1,1'-oxybis[2-methoxy-",C6H14O3,134,971,1.2,L,179524
791,"1,4:3,6-Dianhydro-à-d-glucopyranose",C6H8O4,144,971,1.375,M,1945427
796,"Phenol, 4-ethenyl-, acetate",C10H10O2,162,974.5,1.225,M,1222104
802,3-Acetoxydodecane,C14H28O2,228,978,1.175,L,146533
805,Dianhydromannitol,C6H10O4,146,978,1.34,M,305562
809,Neodecanoic acid,C10H20O2,172,981.5,1.055,L,470541
816,"Phenol, 4-(1-methylethyl)-",C9H12O,136,985,1.17,H,179511
818,"Ethanol, 2-phenoxy-",C8H10O2,138,985,1.24,H,105230
821,"1,2-Ethanediol, 1-(2-furanyl)-",C6H8O3,128,985,1.305,L,669183
822,"Butyl aldoxime, 3-methyl-, syn-",C5H11NO,101,985,1.335,L,238165
830,"1,3-Cyclopentadiene, 1-(3-butynyl)",C9H10,118,988.5,1.21,M,307860
836,"3,4-Anhydro-d-galactosan",C6H8O4,144,988.5,1.385,L,308156
846,Triethylene glycol,C6H14O4,150,992,1.33,M,3425293
857,3-Pyridinecarbonitrile,C6H4N2,104,995.5,1.19,M,72157
858,"Benzenemethanol, 4-ethyl-",C9H12O,136,995.5,1.2,H,1041176
860,"9-Oxabicyclo[3.3.1]nonan-2-ol, 6-[(tetrahydropyran-3-yl)oxy]-",C13H22O4,242,995.5,1.235,L,48589
863,2-Cyclohexylpiperidine,C11H21N,167,999,1.14,L,137708
875,Benzothiazole,C7H5NS,135,1002.5,1.335,H,1552433
876,"Ethanone, 1-(3-methyloxiranyl)-",C5H8O2,100,1002.5,1.39,M,318198
881,"Butanoic acid, 2-ethyl-2,3,3-trimethyl-",C9H18O2,158,1006,1.075,L,311999
883,"Benzeneacetamide, à-ethyl-",C10H13NO,163,1006,1.1,L,77514
885,"Cyclohexanecarboxylic acid, 4-methylpentyl ester",C13H24O2,212,1006,1.235,L,137951
890,4-Oxononanal,C9H16O2,156,1009.5,1.155,L,100150
892,"Hexanoic acid, 4-tetradecyl ester",C20H40O2,312,1009.5,1.27,L,59066
894,2-Coumaranone,C8H6O2,134,1009.5,1.315,M,60492
897,"Cyclohexanone, 2-(1-methylethylidene)-",C9H14O,138,1013,1.285,H,30708
898,"Butanal, propylhydrazone",C7H16N2,128,1013,1.345,L,34816
903,4-Fluorophenyl 2-thiophenecarboxylate,C6H13N3,127,1016.5,1.325,L,60079
904,"2-Hexanone, 6-(acetyloxy)-",C8H14O3,158,1016.5,1.365,M,150478
909,Benzoylformic acid,C8H6O3,150,1020,1.275,H,153229
910,"1,4-Butanediol, 2,3-bis(methylene)-",C6H10O2,114,1020,1.345,L,285933
914,"Hexanoic acid, 4-hexadecyl ester",C22H44O2,340,1023.5,1.285,L,72895
916,1-Ethoxypropan-2-yl acetate,C7H14O3,146,1023.5,1.46,L,250617
919,Nonanoic acid,C9H18O2,158,1027,1.085,M,1246496
920,"Propanoic acid, dimethyl(ethenyl)silyl ester",C7H14O2Si,158,1027,1.1,L,269059
923,"Cyclohexanone, 2-(1-methylethylidene)-",C8H18O5,194,1027,1.23,L,171234
924,5-Vinyl-pyrazole,C5H6N2,94,1027,1.32,L,54253
925,"3-Methoxy-2,2-dimethyloxirane",C5H10O2,102,1027,1.395,L,54829
927,Nonanoic acid,C9H18O2,158,1030.5,1.105,M,5227567
929,3-Oxo-4-phenylbutyronitrile,C10H9NO,159,1030.5,1.255,L,222216
930,"2(3H)-Benzofuranone, 3-methyl-",C9H8O2,148,1030.5,1.265,L,28930
936,Vinyl caprylate,C10H18O2,170,1034,1.09,L,82503
939,"2H-Pyran, 2-(bromomethyl)tetrahydro-",C6H11BrO,178,1034,1.23,M,1247003
942,"Benzaldehyde, 3-methoxy-",C8H8O2,136,1034,1.275,M,73799
952,"5-(3-Ethoxy-4,5-dihydro-isoxazol-5-yl)-5-methyl-imidazolidine-2,4-dione",C9H13N3O4,227,1037.5,1.465,L,103121
957,"Butanoic acid, 3-methyl-, 3-phenylpropyl ester",C14H20O2,220,1041,1.185,M,91757
962,"Butanoic acid, 2-ethyl-2,3,3-trimethyl-",C9H18O2,158,1044.5,1.12,L,825839
965,"1,2-Benzenediol, 3-methyl-",C7H8O2,124,1044.5,1.31,L,157534
966,Caprolactam,C6H11NO,113,1044.5,1.43,M,2014774
967,"N,N-Diamylmethylamine",C11H25N,171,1044.5,1.44,L,108091
968,"2-Piperidinone, N-[4-bromo-n-butyl]-",C9H16BrNO,233,1048,1.025,L,13330
969,n-Decanoic acid,C10H20O2,172,1048,1.205,L,418984
970,"Benzoic acid, 4-methyl-",C8H8O2,136,1048,1.255,H,271793
971,"3-Cyclopenten-1-one, 2,2,5,5-tetramethyl-",C9H14O,138,1048,1.28,L,57562
976,Bendiocarb,C11H13NO4,223,1051.5,1.22,L,1284053
979,"Formic acid, 1-phenylpropyl ester",C10H12O2,164,1055,1.18,L,43843
985,Benzylidenemalonaldehyde,C10H8O2,160,1058.5,1.26,M,52511
986,Hydroquinone,C6H6O2,110,1058.5,1.34,H,1487590
993,"2(3H)-Furanone, 3-acetyldihydro-3-methyl-",C7H10O3,142,1062,1.425,M,163651
999,2-Dodecanone,C12H24O,184,1065.5,1.035,M,628358
1002,"Resorcinol, 2-acetyl-",C8H8O3,152,1065.5,1.245,M,129149
1007,"Bicyclo[2.2.1]heptan-2-ol, 1,7,7-trimethyl-, formate, endo-",C11H18O2,182,1069,1.09,M,137553
1011,"2-Furancarboxylic acid, tetrahydro-3-methyl-5-oxo-",C6H8O4,144,1069,1.285,M,214401
1012,"3-Cyclobutene-1,2-dione, 3,4-dihydroxy-",C4H2O4,114,1069,1.53,H,58261
1014,N-tert-Octylacrylamide,C11H21NO,183,1072.5,1.12,M,40853
1016,"2H-Pyran-2-one, tetrahydro-6-propyl-",C8H14O2,142,1072.5,1.275,M,173601
1020,"Phenol, p-tert-butyl-",C10H14O,150,1076,1.18,H,559877
1021,"1H-Inden-1-one, 2,3-dihydro-",C9H8O,132,1076,1.34,H,86154
1027,4-tert-Butylcyclohexyl acetate,C12H22O2,198,1079.5,1.07,H,148802
1030,"1,3-Dioxolan-2-one, 4-methyl-5-methylene-4-(2-methyl-2-phenylpropyl)-",C15H18O3,246,1079.5,1.205,M,231864
1033,"1,2-Benzenediol, 4-[2-(methylamino)ethyl]-",C9H13NO2,167,1079.5,1.27,M,101174
1034,"Silane, trimethyl(4-methyl-3-penten-1-ynyl)-",C9H12O2,152,1079.5,1.29,L,26810
1035,Isosorbide,C6H10O4,146,1079.5,1.37,H,841008
1036,Cyclopentanone,C5H8O,84,1079.5,1.43,L,39426
1039,Benzocycloheptatriene,C11H10,142,1083,1.21,M,37012
1040,3-Methyldec-3-ene,C11H22,154,1083,1.24,L,20289
1045,p-Isopropenylphenol,C9H10O,134,1086.5,1.235,M,275183
1047,"2-Furancarboxylic acid, hydrazide",C5H6N2O2,126,1086.5,1.295,L,64185
1048,"Glucopyranuronamide, 1-(4-amino-2-oxo-1(2H)-pyrimidinyl)-1,4-dideoxy-4-(D-2-(2-(methylamino)acetamido)hydracrylamido)-, á-D-",C16H25N7O8,443,1086.5,1.36,L,143309
1049,"1-Imidazolidinemethanol, 4,4-dimethyl-2,5-dioxo-",C6H10N2O3,158,1086.5,1.395,M,117169
1059,à-l-Mannose semicarbazone pentaacetate,C10H15NO4,213,1090,1.355,L,54940
1060,5H-1-Pyrindine,C8H7N,117,1090,1.38,H,247832
1061,"4,5-Bis-dimethoxymethyl-octanedioic acid, dimethyl ester",C16H30O8,350,1090,1.41,L,48318
1065,"2-t-Butyl-cyclopropanecarboxylic acid, 2,6-di-t-butyl-4-methyl-phenyl ester",C23H36O2,344,1093.5,1.115,L,24055
1068,5-Acetoxymethyl-2-furaldehyde,C8H8O4,168,1093.5,1.285,L,30816
1069,"Thiophene, 3-nitro-2-(2-thienylsulfonyl)-",C8H5NO4S3,275,1093.5,1.3,L,196591
1080,"4a(2H)-Naphthalenol, octahydro-4,8a-dimethyl-,(4à,4aà,8aá)-",C12H22O,182,1100.5,1.18,L,49077
1081,"3,4-Dimethylbenzyl isothiocyanate",C10H11NS,177,1100.5,1.21,L,89115
1082,"cis-1,2-Dihydrocatechol",C6H8O2,112,1100.5,1.315,L,194038
1083,"Propanoic acid, 3-chloro-, 4-formylphenyl ester",C10H9ClO3,212,1100.5,1.33,L,50311
1088,"4a(2H)-Naphthalenol, 2-bromo-4,4-dichlorooctahydro-",C10H15BrCl2O,300,1104,1.205,L,238558
1089,Phenyl-á-D-glucoside,C6H7NO,109,1104,1.44,L,91433
1090,"4H-1,2,4-Triazol-3-amine, 4-methyl-",C3H6N4,98,1104,1.475,M,283950
1092,"2-Propanol, 1,1'-[(1-methyl-1,2-ethanediyl)bis(oxy)]bis-",C9H20O4,192,1107.5,1.15,M,325988
1093,"2,3,6-Trimethylacetophenone",C11H14O,162,1107.5,1.16,H,62328
1094,2-Methoxy-4-vinylphenol,C9H10O2,150,1107.5,1.23,H,529455
1095,Divinyl sulfide,C4H6S,86,1107.5,1.365,M,204268
1098,"2-Cyclohexen-1-one, 2-methyl-5-(1-methylethyl)-, (S)-",C10H16O,152,1111,1.215,M,80087
1099,"5-[2-(1,3-Dioxolan-2-yl)-ethyl]-2-methyl-1-cyclopentene-1-carboxaldehyde",C12H18O3,210,1111,1.265,L,24888
1102,Sorbic Acid,C6H8O2,112,1111,1.385,L,214692
1111,"2,5-Dimethyl-3-hexanol acetate",C10H20O2,172,1118,1.07,L,9393.5
1113,"Bicyclo[4.4.1]undeca-1,3,5,7,9-pentaene",C11H10,142,1118,1.25,L,21631
1114,"Phenol, 2-(2-methylpropyl)-",C10H14O,150,1118,1.35,H,58987
1119,"Formic acid, neopentyl ester",C6H12O2,116,1121.5,1.51,M,789419
1123,"Pentanoic acid, 4-oxo-, pentyl ester",C10H18O3,186,1125,1.32,M,430975
1125,4-tert-Butylcyclohexyl acetate,C12H22O2,198,1128.5,1.08,M,21527
1126,"2(3H)-Benzofuranone, 3-methyl-",C9H8O2,148,1128.5,1.305,H,28881
1127,m-Ethylaminophenol,C8H11NO,137,1128.5,1.325,M,38147
1132,"Methyl-3-(2,2-dichlorovinyl)-2,2-dimethyl-(1-cyclopropane)carboxylate,c&t",C9H12Cl2O2,222,1132,1.11,H,18103
1134,Triacetin,C9H14O6,218,1132,1.175,H,42784
1136,"2,4-Imidazolidinedione, 5-methyl-",C4H6N2O2,114,1132,1.525,H,1153550
1142,"(S)-(+)-2',3'-Dideoxyribonolactone",C5H8O3,116,1135.5,1.61,M,122014
1147,"4,4,6-Trimethyl-cyclohex-2-en-1-ol",C9H16O,140,1142.5,1.23,M,1030699
1148,"Carbamic acid, phenyl-, methyl ester",C8H9NO2,151,1142.5,1.285,H,41596
1149,Piperonal,C8H6O3,150,1142.5,1.345,M,105973
1153,"Methyl-3-(2,2-dichlorovinyl)-2,2-dimethyl-(1-cyclopropane)carboxylate,c&t",C9H12Cl2O2,222,1146,1.115,H,22865
1155,Benzamide,C7H7NO,121,1146,1.465,L,348552
1156,Perfluorooctane,C8F18,438,1149.5,0.975,L,6241.1
1159,Methyl anthranilate,C8H9NO2,151,1149.5,1.32,M,64409
1164,"Pentafluoropropionic acid, 10-undecenyl ester",C14H21F5O2,316,1153,1.095,M,432709
1165,Nonanamide,C9H19NO,157,1153,1.235,M,353214
1174,n-Decanoic acid,C10H20O2,172,1156.5,1.11,M,5453140
1176,"Phenol, 2,6-dimethoxy-",C8H10O3,154,1156.5,1.31,H,514508
1178,"Sydnone, 3-(phenylmethyl)-",C9H8N2O2,176,1156.5,1.375,M,142108
1184,n-Decanoic acid,C10H20O2,172,1160,1.13,M,15155275
1185,"1-Cyclohexanone, 3-butyl-3-methyl-",C11H20O,168,1160,1.21,M,170717
1186,2-Cyclohexylpiperidine,C11H21N,167,1160,1.235,L,97633
1189,"Pyridine, 2-(1-methyl-2-pyrrolidinyl)-",C10H14N2,162,1160,1.295,H,324551
1190,"Cyclopentaneethanol, 2-(hydroxymethyl)-á,3-dimethyl-",C10H20O2,172,1160,1.355,L,89050
1194,Hydantoin,C3H4N2O2,100,1160,1.6,M,451920
1197,o-Isopropylphenetole,C11H16O,164,1163.5,1.165,H,65231
1203,"Nonanoic acid, 3,5-difluophenyl ester",C15H20F2O2,270,1167,1.1,L,59366
1204,"6-Hydroxy-4-oxodecanedioic acid, ëlactone, methyl ester",C11H16O5,228,1167,1.14,M,210674
1206,"3-Buten-2-one, 4-phenyl-, (E)-",C10H10O,146,1167,1.26,H,36858
1208,1(3H)-Isobenzofuranone,C8H6O2,134,1167,1.455,H,573135
1212,"Azetidine, 1,3-dimethyl-",C5H11N,85,1170.5,1.225,L,4431255
1213,2-Benzyloxyethylamine,C9H13NO,151,1170.5,1.24,M,1167680
1216,2-Methylpiperidine,C6H13N,99,1170.5,1.4,L,154433
1220,"2-Pentenoic acid, 4-oxo-, methyl ester, (Z)-",C6H8O3,128,1174,1.175,M,1248061
1222,"Tricyclo[4.3.1.1(3,8)]undecan-3-ol",C11H18O,166,1174,1.24,L,48975
1224,"Benzaldehyde, 4-hydroxy-",C7H6O2,122,1174,1.365,H,811484
1226,"Acetic acid, 2-oxa-7-thia-tricyclo[4.3.1.0(3,8)]dec-10-yl ester",C8H10O3,154,1177.5,1.33,L,11740
1227,"Cyclopropane, 1-heptyl-2-methyl-",C11H22,154,1181,0.955,M,362145
1231,"Benzoic acid, hexyl ester",C13H18O2,206,1181,1.16,M,45444
1237,6-Oxa-bicyclo[3.1.0]hexan-3-ol,C5H8O2,100,1181,1.57,L,176683
1243,"Ethanone, 1-(2,5-dimethylphenyl)-",C10H12O,148,1184.5,1.385,L,81443
1244,"3-Tetradecene, (Z)-",C14H28,196,1188,0.955,M,615993
1254,"1,6-Anhydro-2,3-dideoxy-á-D-threo-hexopyranose",C6H10O3,130,1188,1.52,L,57908
1256,"Decanoic acid, ethyl ester",C12H24O2,200,1191.5,1.02,M,128778
1260,Norfenefrine,C8H11NO2,153,1191.5,1.385,L,110556
1261,N-Ethyl-2-isopropoxycarbonylazetidine,C9H17NO2,171,1191.5,1.46,M,7122030
1263,N-[2-Hydroxyethyl]succinimide,C6H9NO3,143,1191.5,1.545,L,241873
1267,"1,2,3,4,5-Cyclopentanepentol",C9H18O2,158,1195,1.305,M,313408
1272,"2-Propenoic acid, 3-phenyl-, methyl ester",C10H10O2,162,1198.5,1.23,H,61934
1273,"1,3,4-Trimethyl-5-ethoxypyrazole",C8H14N2O,154,1198.5,1.335,L,24769
1274,"Octanoic acid, 8-hydroxy-, methyl ester",C9H18O3,174,1202,1.165,M,309024
1275,Chloroxylenol,C8H9ClO,156,1202,1.255,L,50099
1276,"1,6-Anhydro-3,4-dideoxy-á-D-gluco-hexopyranose",C6H10O3,130,1202,1.5,L,415856
1279,Perfluorooctane,C8F18,438,1205.5,0.95,L,260297
1281,3-Cyano-3-methyl-4-oxopentanamide,C7H10N2O2,154,1205.5,1.455,M,50285
1285,"7-(Benzyloxy-methylene)-bicyclo[2.2.1]heptane-1-carboxylic acid, methyl ester",C11H18O2,182,1209,1.31,L,50779
1286,"2-Tridecen-1-ol, (E)-",C13H26O,198,1212.5,1.04,M,271554
1288,Hydrocoumarin,C9H8O2,148,1212.5,1.41,H,34344
1289,2-Dodecanol,C12H26O,186,1216,0.965,L,157986
1291,"2,4-Octadienoic acid, 3-methyl-, methyl ester",C10H16O2,168,1216,1.305,M,82386
1292,"Ethanone, 1-(3-hydroxyphenyl)-",C8H8O2,136,1216,1.35,H,133899
1296,"1,4-Benzenediol, 2-methoxy-",C7H8O3,140,1219.5,1.375,L,94565
1301,"Perfluoro-1,3-dimethylcyclohexane",C8F16,400,1223,0.96,L,15983
1305,"2,3-Dimethylhydroquinone",C8H10O2,138,1223,1.345,M,43822
1306,Vanillin,C8H8O3,152,1223,1.36,H,544781
1307,Benzeneacetamide,C8H9NO,135,1223,1.47,H,451311
1308,"Benzyl alcohol, 3-ethylamino-",C9H13NO,151,1226.5,1.285,L,27286
1310,Niacinamide,C6H6N2O,122,1226.5,1.535,H,178639
1312,"Benzene, 2-isocyanato-1,3-bis(1-methylethyl)-",C13H17NO,203,1230,1.09,H,14922
1313,"Methyl-3-(2,2-dichlorovinyl)-2,2-dimethyl-(1-cyclopropane)carboxylate,c&t",C9H12Cl2O2,222,1230,1.175,L,30772
1314,2-Carbomethoxy-8-methyl-8-azabicyclo[3.2.1]oct-2-ene,C10H15NO2,181,1230,1.24,H,500213
1315,5-Ethylhydantoin,C5H8N2O2,128,1230,1.465,L,192782
1321,5-Hydroxymethyldihydrofuran-2-one,C5H8O3,116,1233.5,1.325,M,111620
1326,"Piperidine, 1-(1-butenyl)-",C9H17N,139,1237,1.385,L,45249
1332,"1,2-Ethanediamine, N,N,N'-trimethyl-",C5H14N2,102,1244,0.985,M,116865
1337,"2,3-Dimethylhydroquinone",C8H10O2,138,1244,1.325,L,59605
1341,"Coumarin, 3-bromo-7-ethylamino-4,6-dimethyl-",C13H14BrNO2,295,1247.5,1.195,L,129565
1342,3-Isopropoxy-benzoic acid,C10H12O3,180,1247.5,1.32,L,57335
1347,Ethyl trans-2-pentenoate,C7H12O2,128,1251,1.325,L,831128
1348,"1,1'-(1,1'-Cyclopropylidenediethylidene)disemicarbazide",C9H16N6O2,240,1251,1.34,L,129245
1349,"Acetonitrile, 2-chloro-2-[dimethylamine(N-B)bis(trifluoromethyl)boryl]-",C6H8BClF6N2,268,1251,1.51,L,46396
1351,"Ethanamine, N,N-dimethyl-2-[(trimethylsilyl)oxy]-",C7H19NOSi,161,1254.5,0.98,L,101337
1357,"2,4(1H,3H)-Pyrimidinedione, dihydro-",C4H6N2O2,114,1254.5,1.63,M,60156
1364,"1,4,7,10-Tetraoxacyclododecan-2-one",C8H14O5,190,1258,1.37,L,72667
1372,"Pyridine, 3-(3,4-dihydro-2H-pyrrol-5-yl)-",C9H10N2,146,1261.5,1.36,H,115564
1391,"Phenol, 2,6-bis(1,1-dimethylethyl)-",C14H22O,206,1268.5,1.135,H,41424
1394,"2-Propanone, 1,1-diethoxy-",C7H14O3,146,1268.5,1.24,M,617000
1395,"2,4,6-Trimethyl-1,6-heptadien-4-ol",C10H18O,154,1268.5,1.29,M,73396
1396,Myristoleic acid,C14H26O2,226,1268.5,1.375,L,157340
1401,"5,9-Undecadien-2-one, 6,10-dimethyl-, (E)-",C13H22O,194,1272,1.095,M,19927
1402,Undecylenic acid,C11H20O2,184,1272,1.115,M,438922
1404,"Benzene, 1-ethoxymethyl-4-tert-butyl-",C13H20O,192,1272,1.15,M,50995
1405,"1-Propanol, 2,2-dimethyl-, benzoate",C12H16O2,192,1272,1.28,H,483830
1406,"N-(3,4-Dichlorophenyl)-3-[(4-hydroxybenzoyl)hydrazono]butyramide",C17H15Cl2N3O3,379,1272,1.395,L,153330
1408,"3-Pyridinecarboxamide, N-methyl-",C7H8N2O,136,1272,1.48,H,45325
1413,2-(2-Diethylamino-ethoxy)-fluoren-9-one,C19H21NO2,295,1275.5,0.98,L,142662
1416,Non-7-ynamide,C9H15NO,153,1275.5,1.235,L,93055
1423,Undecanoic acid,C11H22O2,186,1279,1.085,M,1390193
1425,"Butanal, oxime",C4H9NO,87,1279,1.235,M,458105
1429,"Phenol, 4-(2-methylpropyl)-",C10H14O,150,1279,1.385,L,163915
1430,"2,5-Hexanedione, 3,4-dimethyl-",C8H14O2,142,1279,1.44,L,190721
1431,"L-Leucine, N-glycyl-",C8H16N2O3,188,1279,1.51,L,159093
1436,3-Hydroxybenzhydrazide,C7H8N2O2,152,1282.5,1.35,H,167425
1437,"2-Propenoic acid, 3-(2-hydroxyphenyl)-, (E)-",C9H8O3,164,1282.5,1.46,H,250598
1441,"5-Undecene, 7-methyl-, (Z)-",C12H24,168,1286,0.955,M,11073
1443,Dodecyltrimethylammonium chloride,C15H34ClN,263,1286,1.03,L,80888
1448,"Phthalic acid, methyl 2-methylphenyl ester",C16H14O4,270,1286,1.34,L,2587770
1451,"Dodecane, 1-chloro-",C12H25Cl,204,1289.5,1.015,M,3007396
1452,"3-Tetradecene, (Z)-",C14H28,196,1289.5,1.045,M,289026
1457,Sucrose,C12H22O11,342,1289.5,1.74,L,12338483
1463,8-Benzoyloctanoic acid,C15H20O3,248,1293,1.19,L,56328
1465,"4-n-Butylbenzoic acid, 2-ethylcyclohexyl ester",C19H28O2,288,1293,1.255,L,93414
1482,"2-Pentenoic acid, 4-oxo-, methyl ester, (Z)-",C6H8O3,128,1300,1.175,M,507557
1483,"2(3H)-Furanone, 5-acetyldihydro-",C6H8O3,128,1300,1.22,H,834392
1484,Ethyl trans-2-pentenoate,C7H12O2,128,1300,1.33,M,824573
1485,Biphenylene,C12H8,152,1300,1.355,H,65073
1491,1-Acetoxy-p-menth-3-one,C12H20O3,212,1303.5,1.225,L,249929
1494,o-Cyanobenzoic acid,C8H5NO2,147,1303.5,1.465,H,862161
1495,Salicylamide,C7H7NO2,137,1303.5,1.485,H,168325
1501,"2,2,2-Trichloro-1-(4-ethoxyphenyl)ethyl n-butylcarbamate",C15H20Cl3NO3,367,1307,1.22,L,21929
1510,4-Methylphthalaldehyde,C9H8O2,148,1310.5,1.425,L,41889
1513,"Indole, 3-methyl-2-(2-dimethylaminopropyl)-",C14H20N2,216,1314,0.99,L,1683244
1514,"Fumaric acid, 2-butyl isobutyl ester",C12H20O4,228,1314,1.055,M,230776
1515,Suberic acid monomethyl ester,C9H16O4,188,1314,1.21,M,165987
1516,"Ethanone, 1-[4-(1-hydroxy-1-methylethyl)phenyl]-",C11H14O2,178,1314,1.3,L,39718
1519,"Cyclopentanone, 3,4-bis(methylene)-",C7H8O,108,1314,1.415,L,40494
1522,"3-Penten-2-one, 4-(2,6,6-trimethyl-2-cyclohexen-1-yl)-",C14H22O,206,1317.5,1.115,M,106070
1523,"2H-Pyran-2-one, 5,6-dihydro-6-pentyl-",C10H16O2,168,1317.5,1.265,M,68972
1524,"Pyridine, 3-phenyl-",C11H9N,155,1317.5,1.335,L,22222
1525,"1(3H)-Isobenzofuranone, 5-methyl-",C9H8O2,148,1317.5,1.44,H,31524
1526,"2H-Indol-2-one, 1,3-dihydro-",C8H7NO,133,1317.5,1.485,H,120399
1531,"Benzeneacetic acid, 4-hydroxy-, methyl ester",C9H10O3,166,1321,1.375,H,171026
1539,"1H-Pyrrole-2-carboxaldehyde, 5-methyl-",C6H7NO,109,1324.5,1.225,L,245789
1541,4-Hydroxy-3-methylacetophenone,C9H10O2,150,1324.5,1.345,M,30635
1546,"Hydroperoxide, 1-methylethyl",C3H8O2,76,1328,0.995,M,2411521
1550,"Benzoic acid, p-tert-butyl-",C11H14O2,178,1328,1.215,H,159161
1551,Tetraethyleneglycol monomethylether,C9H20O5,208,1328,1.265,L,146891
1552,N-Ethyl-1-phenyl-3-butanamine,C12H19N,177,1328,1.315,L,17971
1559,"m-Toluic acid, pentyl ester",C13H18O2,206,1331.5,1.16,L,32776
1561,Apocynin,C9H10O3,166,1331.5,1.36,H,258254
1573,"1,3-Benzenedicarboxylic acid, dimethyl ester",C10H10O4,194,1338.5,1.25,H,348688
1574,"Tetrahydrofuran-2-one, 3-[2-pentenyl]-4-methyl-",C10H16O2,168,1338.5,1.26,L,222739
1575,Tetraethylene glycol,C8H18O5,194,1338.5,1.365,M,2461015
1576,"Cyclohexanone, 2-octyl-",C14H26O,210,1338.5,1.455,L,245945
1578,"á-D-Glucopyranose, 1,6-anhydro-",C6H10O5,162,1338.5,1.58,M,13293346
1585,"Butanamide, N-formyl-2-hydroxy-3-methyl-2-(1-methylethyl)-",C9H17NO3,187,1342,1.295,M,384638
1586,"Indene-1,7(4H)-dione, 3a,7a-dihydro-5-methyl-",C10H10O2,162,1342,1.38,L,21927
1608,"Ethanone, 1-(2,3,4-trichlorophenyl)-",C8H5Cl3O,222,1356,1.25,H,49746
1609,"Pyrido[2,3-d]pyridazine-5(6H)-thione",C7H5N3S,163,1356,1.28,L,26057
1614,1-Undecanol,C11H24O,172,1359.5,1.025,M,1004208
1620,"1,3-Benzodioxol-5-amine",C7H7NO2,137,1359.5,1.665,L,48776
1623,"1-Penten-3-one, 1-(2,6,6-trimethyl-2-cyclohexen-1-yl)-",C14H22O,206,1363,1.12,M,12402
1626,1-Naphthalenol,C10H8O,144,1363,1.415,H,422962
1629,"1,3-Cyclopentanedione, 4-methyl-5-pentyl-",C11H18O2,182,1366.5,1.395,L,45441
1632,"1,8(2H,5H)-Naphthalenedione, hexahydro-8a-methyl-, cis-",C11H16O2,180,1370,1.205,L,58945
1633,4-(Phenylmethyl)benzeneethanamine,C15H17N,211,1370,1.275,L,17868
1634,"Ethanol, 2-[2-(2-methoxyethoxy)ethoxy]-",C7H16O4,164,1370,1.285,M,210268
1636,o-Hydroxybiphenyl,C12H10O,170,1370,1.345,H,74326
1638,Lilial,C14H20O,204,1373.5,1.18,H,56832
1639,Benzyl sulfone,C14H14O2S,246,1373.5,1.255,L,67781
1640,"1,2,3,4,5-Cyclopentanepentol",C5H10O5,150,1373.5,1.355,L,67332
1641,"Furan, 3-phenyl-",C10H8O,144,1373.5,1.415,H,125907
1642,"3-Hexanol, 2,5-dimethyl-",C8H18O,130,1373.5,1.43,L,856116
1645,1-Dodecanethiol,C12H26S,202,1377,1.035,M,4041.1
1646,"Nonanoic acid, pentafluorophenyl ester",C15H17F5O2,324,1377,1.125,L,18538
1647,Dibenzofuran,C12H8O,168,1377,1.325,L,36471
1651,"Nonanedioic acid, dimethyl ester",C11H20O4,216,1380.5,1.15,L,75277
1654,4-Methoxymethoxy-4-methyl-hex-2-yn-1-ol,C9H16O3,172,1380.5,1.285,L,41868
1655,"2-Propanone, 1-(4-hydroxy-3-methoxyphenyl)-",C10H12O3,180,1380.5,1.36,H,228075
1656,"2(3H)-Furanone, dihydro-5-phenyl-",C10H10O2,162,1380.5,1.48,H,109624
1659,"Benzene, (1-azido-1-methylethyl)-",C9H11N3,161,1384,1.235,L,107492
1660,"Ethanone, 1-(3-amino-4-methoxyphenyl)-",C9H11NO2,165,1384,1.495,L,51341
1663,Myristoleic acid,C14H26O2,226,1387.5,1.215,L,64492
1666,"Hexanoic acid, anhydride",C12H22O3,214,1387.5,1.45,M,1169770
1669,"Ethanone, 1-(3-methyloxiranyl)-",C5H8O2,100,1391,1.045,L,76271
1680,"Benzoic acid, 2-amino-6-chloro-, methyl ester",C8H8ClNO2,185,1394.5,1.335,M,54213
1682,Desulfoglucobrassicin,C16H20N2O6S,368,1394.5,1.46,L,19547
1685,"Dodecane, 1-bromo-",C12H25Br,248,1398,1.035,M,152222
1686,Dodecanoic acid,C12H24O2,200,1398,1.155,M,14720245
1687,"2-Octene, 1-(methoxymethoxy)-, (E)-",C10H20O2,172,1398,1.16,L,76277
1694,"2-Furanone, 4-phenyltetrahydro",C10H10O2,162,1398,1.48,H,171401
1700,"1,3-Diazine",C4H4N2,80,1401.5,1.01,L,74405
1708,"2,4-Imidazolidinedione, 5-(2-methylpropyl)-, (S)-",C7H12N2O2,156,1401.5,1.455,L,62156
1709,"á-d-Lyxofuranoside, O-nonyl-",C14H28O5,276,1401.5,1.535,L,168815
1712,"Cyclopentadecanone, 4-methyl-",C16H30O,238,1405,1.255,L,280790
1716,"[1,2,4]Triazole-3-thione, 4-allyl-2-morpholin-4-ylmethyl-5-phenyl-2,4-dihydro-",C17H25NO,259,1405,1.44,L,226368
1720,"Benzene, 1-ethyl-4-(2-methylpropyl)-",C12H18,162,1408.5,1.235,L,483225
1723,"Cyclopropane, 1-acetyl-2-(2,2,2-trichloroethyl)-",C7H9Cl3O,214,1408.5,1.325,L,294512
1726,"Dodecane, 1-chloro-",C12H25Cl,204,1412,1.015,M,136470
1727,n-Tridecan-1-ol,C13H28O,200,1412,1.045,M,660965
1735,"1-Octanone, 1-phenyl-",C14H20O,204,1415.5,1.175,L,34991
1737,"7-Methoxymethyl-2,7-dimethylcyclohepta-1,3,5-triene",C11H16O,164,1415.5,1.245,L,74921
1740,3-tert-Butyl-4-hydroxyanisole,C11H16O2,180,1415.5,1.32,M,164116
1746,"2-Pentenoic acid, 4-oxo-, methyl ester, (Z)-",C6H8O3,128,1419,1.17,M,819332
1748,5-Nitro-3-cyano-2(1H)-pyridone,C6H3N3O3,165,1419,1.375,L,95793
1751,1-Decen-3-one,C10H18O,154,1422.5,1.06,M,848472
1753,"Hexane, 2-bromo-",C6H13Br,164,1422.5,1.22,L,3855123
1757,"Benzoic acid, 2-hydroxy-, 2-methylbutyl ester",C12H16O3,208,1426,1.155,H,196440
1758,"Nonanedioic acid, monomethyl ester",C10H18O4,202,1426,1.22,H,1871505
1768,"Bicyclo[4.3.0]nonan-2-one, 8-isopropylidene-",C12H18O,178,1433,1.185,L,118818
1770,"Heptane, 2,3-dimethyl-",C9H20,128,1433,1.495,L,339883
1775,"Benzamide, N,N-diethyl-4-methyl-",C12H17NO,191,1436.5,1.295,H,529806
1776,3-Ethyl-4-nonanol,C11H24O,172,1436.5,1.365,L,68784
1783,"Methanamine, 1-(dicyclohexylphosphino)-N,N-dimethyl-",C15H30NP,255,1443.5,0.99,L,576525
1784,Lauryl acetate,C14H28O2,228,1443.5,1.035,M,530282
1789,"Cycloheptane, 1-chloro-3-iodo-",C7H12ClI,258,1443.5,1.335,L,6882.1
1791,"Benzene, (1-methylundecyl)-",C18H30,246,1447,1.065,L,58886
1795,"2H-Indeno[1,2-b]furan-2-one, 3,3a,4,5,6,7,8,8b-octahydro-8,8-dimethyl",C13H18O2,206,1450.5,1.195,M,19714
1798,"Furan, 4-methyl-2-propyl-",C8H12O,124,1450.5,1.28,L,5652.1
1800,Octadecanal,C18H36O,268,1454,1.045,M,187468
1802,"2,5-Cyclohexadiene, 1,4-diethyl-1,4-dimethyl-",C12H20,164,1454,1.135,M,61935
1805,4-Methyloctanoic acid,C9H18O2,158,1457.5,1.08,M,18228
1806,"Pentane, 2-methoxy-",C6H14O,102,1457.5,1.175,L,1051138
1808,Fluorene,C13H10,166,1457.5,1.345,M,33249
1809,3-Methyl-3H-benzothiazol-2-one,C8H7NOS,165,1457.5,1.49,H,94426
1815,"Tetrahydrofuran-2-one, 5-[1-hydroxyhexyl]-",C10H18O3,186,1461,1.31,L,55059
1824,"1,3,5-Triazine-2,4,6-triamine",C3H6N6,126,1464.5,1.65,H,2917477
1839,Dec-9-en-6-oxo-1-ylamide,C10H17NO2,183,1475,1.075,M,52928
1840,11-Bromoundecanoic acid,C11H21BrO2,264,1475,1.085,L,17531
1841,2-(4-(But-2-yl)phenyl)propanoic acid,C13H18O2,206,1475,1.225,H,191262
1842,"Benzoic acid, 2-methylpropyl ester",C11H14O2,178,1475,1.295,H,102739
1843,"8,11-Dimethyl-2,9,10-trioxa-6-azonia-1-boratatricyclo[4.3.3.0(1,6)]dodecane",C9H18BNO3,199,1475,1.49,L,141606
1846,"Tetrahydrofuran-2-one, 5-[1-hydroxyhexyl]-",C10H18O3,186,1478.5,1.315,L,100195
1847,Propylparaben,C10H12O3,180,1478.5,1.33,H,797193
1848,"Benzothiazole, 2-(methylthio)-",C8H7NS2,181,1478.5,1.44,H,269202
1850,"Benzene, (1-butylnonyl)-",C19H32,260,1482,1.05,H,411030
1852,Cedrol,C15H26O,222,1482,1.18,H,87154
1853,"1H-Pyrrolo[3,4-c]pyridine-1,3,4(2H,5H)-trione, 6-methyl-",C8H6N2O3,178,1482,1.38,L,35610
1858,"2,6-Di-O-methyl-d-galactopyranose",C8H16O6,208,1485.5,1.44,M,224108
1860,"4,7-Dimethoxyindan-1-one",C11H12O3,192,1489,1.315,L,105784
1861,Diphenylamine,C12H11N,169,1489,1.38,H,90413
1867,"1-Hydroxy-1,2,3,4-tetrahydronaphthalene-8-carboxaldehyde",C11H12O2,176,1492.5,1.44,M,43631
1872,"Benzene, (1-propyloctyl)-",C17H28,232,1496,1.05,H,215003
1873,"Phosphoric acid, dibutyl 1,1-dimethyl-2,2,3,3-tetrafluoropropyl ester",C13H25F4O4P,352,1496,1.15,L,194048
1876,"(Phenylthio)acetic acid, (4-methoxyphenyl)methyl ester",C10H12O2,164,1499.5,1.145,L,50908
1880,"Benzenesulfonamide, 2-methyl-",C7H9NO2S,171,1499.5,1.61,H,149583
1882,"Cyclohexanone, 4-(1,1-dimethylpropyl)-",C11H20O,168,1503,1.245,L,22011
1883,2-Carbomethoxyphenyl isocyanate,C9H7NO3,177,1503,1.32,L,62951
1884,Benzophenone,C13H10O,182,1503,1.385,H,471332
1886,Clonitazene,C20H23ClN4O2,386,1506.5,0.995,L,36953
1891,"Decanoic acid, octyl ester",C18H36O2,284,1506.5,1.44,L,292540
1892,"Octane, 2,3,3-trimethyl-",C11H24,156,1510,0.955,L,38117
1893,"1-Nonanol, 2,2,3,3,4,4,5,5,6,6,7,7,8,8,9,9,9-heptadecafluoro-",C9H3F17O,450,1510,0.97,L,138383
1896,"Cinnamaldehyde, à-pentyl-",C14H18O,202,1510,1.21,H,559150
1897,Triethyl citrate,C12H20O7,276,1510,1.225,H,232393
1903,"Benzene, (1-ethylnonyl)-",C17H28,232,1517,1.06,H,217975
1905,"2,4-Octadienal, (E,E)-",C8H12O,124,1517,1.2,M,528315
1907,Methyl-(2-hydoxy-3-ethoxy-benzyl)ether,C10H14O3,182,1517,1.365,M,105366
1916,"2,5-Dimethoxythiophenol",C8H10O2S,170,1520.5,1.475,L,45894
1919,"Dodecane, 1-chloro-",C12H25Cl,204,1524,1.035,M,1285221
1920,n-Tridecan-1-ol,C13H28O,200,1524,1.07,M,3622476
1923,"1,3-Cyclopentadiene, 2-(4-bromobutyl)-5,5-dimethyl-",C11H17Br,228,1524,1.215,L,12760
1924,"Phenol, 4-(1,1-dimethylpropyl)-",C11H16O,164,1524,1.225,L,144962
1929,"Ethanone, 1-(7-hydroxy-5-methoxy-2,2-dimethyl-2H-1-benzopyran-8-yl)-",C14H16O4,248,1527.5,1.115,M,13590
1933,"Benzoic acid, 2,4-dihydroxy-6-methyl-, methyl ester",C9H10O4,182,1527.5,1.365,H,54500
1936,"Tridecanoic acid, 12-methyl-, methyl ester",C15H30O2,242,1531,1.04,M,257040
1941,Allyl levulinate,C8H12O3,156,1531,1.515,L,782173
1948,"2-Propenoic acid, tridecyl ester",C16H30O2,254,1538,1.045,M,123142
1953,n-Hexyl salicylate,C13H18O3,222,1541.5,1.155,H,2867132
1954,"Valeric acid, 4-pentadecyl ester",C20H40O2,312,1541.5,1.21,M,506611
1957,3-O-Methyl-d-glucose,C7H14O6,194,1541.5,1.58,L,3012775
1961,Tridecanenitrile,C13H25N,195,1545,1.1,M,116209
1963,"Propanoic acid, 2-methyl-3-[4-t-butyl]phenyl-",C14H20O2,220,1545,1.225,H,77920
1964,1(2H)-Acenaphthylenone,C12H8O,168,1545,1.485,H,23794
1965,"1-Nitro-á-d-arabinofuranose, tetraacetate",C13H17NO11,363,1545,1.54,L,150980
1966,"Benzenesulfonamide, 4-methyl-",C7H9NO2S,171,1545,1.625,H,53078
1967,"2(3H)-Furanone, dihydro-5-methyl-5-(2-methylpropyl)-",C9H16O2,156,1545,1.68,L,355978
1972,2-Dodecanone,C12H24O,184,1548.5,1.05,M,540388
1976,p-Xylylene dithiocyanate,C10H8N2S2,220,1548.5,1.47,L,95070
1977,2(3H)-Benzothiazolone,C7H5NOS,151,1548.5,1.61,H,5080295
1978,"(S)-(+)-2',3'-Dideoxyribonolactone",C5H8O3,116,1548.5,1.795,M,1088554
1979,Methyl myristoleate,C15H28O2,240,1552,1.075,M,139864
1984,Patchouli alcohol,C15H26O,222,1552,1.235,M,16465
1985,"5H-[1]Benzopyrano[3,4-b]pyridin-5-one, 9-amino-1,2,3,4-tetrahydro-",C12H12N2O2,216,1552,1.355,L,102708
1987,5-Azabenzimidazole,C6H5N3,119,1552,1.655,H,112322
1988,4-Methyleneproline,C6H9NO2,127,1552,1.795,M,594169
1993,"2-Hydroxy-2-phenylacetic acid, p-methoxybenzyl ester",C16H16O4,272,1555.5,1.17,L,114193
1995,"(S)-(+)-2',3'-Dideoxyribonolactone",C5H8O3,116,1555.5,1.765,M,1951171
1997,"3-Hexyne, 2,2-dimethyl-1-dimethylamino-",C10H19N,153,1559,1,M,3376704
1998,"Benzene, (1-methylundecyl)-",C18H30,246,1559,1.08,M,383347
1999,Benzestrol,C20H26O2,298,1559,1.19,L,988795
2004,"13,16-Octadecadienoic acid, methyl ester",C19H34O2,294,1562.5,1.07,M,138746
2010,"Phenol, 2,6-dimethoxy-4-(2-propenyl)-",C11H14O3,194,1566,1.325,H,109233
2011,4-(4-Methoxycarbonylbutyl)-4-butanolide,C10H16O4,200,1566,1.4,M,38798
2016,"Fumaric acid, isohexyl 4-methylpent-2-yl ester",C16H28O4,284,1569.5,1.04,M,57403
2018,"m-Anisic acid, 4-nitrophenyl ester",C14H11NO5,273,1569.5,1.195,L,3394197
2022,"Benzaldehyde, 3-phenoxy-",C13H10O2,198,1569.5,1.38,H,84396
2023,"Pyrrolidine, 2-methylthio-5-pentyl-",C14H19NO5,281,1569.5,1.395,L,35347
2024,"1,2-Cyclopentanedione, 3-phenyl-",C11H10O2,174,1569.5,1.455,M,16217
2028,"Benzoic acid, 2-ethylhexyl ester",C15H22O2,234,1573,1.15,M,216581
2037,"2H-Pyran-2-one, 6-heptyltetrahydro-",C12H22O2,198,1576.5,1.25,M,163982
2039,Acetaminophen,C8H9NO2,151,1576.5,1.595,H,3687798
2041,"1-Hexanamine, 2-ethyl-N-(2-ethylhexyl)-N-methyl-",C17H37N,255,1580,0.995,M,129965
2043,"1,3-Cyclohexadiene-1-carboxylic acid, 2,6,6-trimethyl-, ethyl ester",C12H18O2,194,1580,1.19,L,1753579
2044,"1,2-Benzenediol, o-(1-adamantancarbonyl)-o'-(cyclobutanecarbonyl)-",C22H26O4,354,1580,1.2,L,971751
2045,Methyl propyl phthalate,C12H14O4,222,1580,1.315,M,97934
2046,"Benzoic acid, 2,4-dihydroxy-3,6-dimethyl-, methyl ester",C10H12O4,196,1580,1.345,H,283586
2047,p-Hydroxybiphenyl,C12H10O,170,1580,1.425,H,15635
2048,"Benzene, (1-pentylheptyl)-",C18H30,246,1583.5,1.055,H,542058
2050,"Decanamide, N-(2-hydroxyethyl)-",C12H25NO2,215,1583.5,1.125,M,163428
2051,"1,1'-Biphenyl, 2,2'-diethyl-",C16H18,210,1583.5,1.23,H,509834
2056,Celestolide,C17H24O,244,1587,1.17,H,22290
2057,"m-Anisic acid, 4-cyanophenyl ester",C15H11NO3,253,1587,1.19,H,1758426
2058,"1,3-Cyclohexadiene-1-carboxylic acid, 2,6,6-trimethyl-, ethyl ester",C12H18O2,194,1587,1.2,L,979745
2059,"Benzene, 1,1'-butylidenebis-",C16H18,210,1587,1.22,H,29371
2060,"2(1H)-Naphthalenone, 3,4-dihydro-",C10H10O,146,1587,1.54,H,281800
2061,"2-Furancarboxylic acid, tetrahydro-3-methyl-5-oxo-, methyl ester",C7H10O4,158,1587,1.685,M,326121
2066,"1,2(4H)-Oxazine-3-ol, 5,6-dihydro-6-oxo-, benzoate",C11H9NO4,219,1590.5,1.285,M,1389720
2069,Cotinine,C10H12N2O,176,1590.5,1.565,H,218612
2071,"1H-Indene, 2,3-dihydro-1,1,3-trimethyl-3-phenyl-",C18H20,236,1594,1.255,H,139810
2072,"1,4-Benzenediol, 2,6-bis(1,1-dimethylethyl)-",C14H22O2,222,1594,1.27,H,145244
2077,"Phenol, 2-(1-phenylethyl)-",C14H14O,198,1597.5,1.395,H,132147
2079,"1,4,7,10,13,16,19,22-Octaoxacyclotetracosane-2,14-dione",C16H28O10,380,1597.5,1.45,M,134034
2082,"Benzene, (1-propyldecyl)-",C19H32,260,1601,1.06,M,369240
2083,"3-(4-Buthoxybenzylthio)-1,2,4-(4H)-triazole",C13H17N3OS,263,1601,1.19,L,398955
2084,"Phenol, 4-(1,1-dimethylpropyl)-",C11H16O,164,1601,1.215,L,820383
2085,"1-(2,4-Dihydroxybenzoyl)-3-ethyl-5-trifluoromethyl-5-hydroxy-2-pyrazoline",C13H13F3N2O4,318,1601,1.465,L,37217
2090,"Benzoic acid, 1-methylethyl ester",C10H12O2,164,1604.5,1.285,L,402864
2091,"Ethanone, 1-(4-hydroxy-3,5-dimethoxyphenyl)-",C10H12O4,196,1604.5,1.435,H,117951
2093,"3-(4-Buthoxybenzylthio)-1,2,4-(4H)-triazole",C13H17N3OS,263,1608,1.21,M,677500
2095,"Benzamide, N-propyl-",C10H13NO,163,1608,1.305,H,608070
2098,Tetradecanoic acid,C14H28O2,228,1611.5,1.135,M,6444877
2100,"o-Anisic acid, tridec-2-ynyl ester",C21H30O3,330,1611.5,1.18,M,304720
2101,"1,3-Cyclopentadiene, 1-(4-bromobutyl)-5,5-dimethyl-",C11H17Br,228,1611.5,1.22,L,783867
2117,"Phenol, 2,5-bis(1-methylethyl)-",C12H18O,178,1615,1.215,L,844011
2129,"Phenol, 4-(1,1-dimethylpropyl)-",C11H16O,164,1618.5,1.215,M,4533123
2131,7-Acetyl-2-hydroxy-2-methyl-5-isopropylbicyclo[4.3.0]nonane,C15H26O2,238,1618.5,1.28,L,178344
2135,"1H-Isoindole-1,3(2H)-dione, 2-(2-hydroxyethyl)-",C10H9NO3,191,1618.5,1.56,M,94193
2141,"Pentadecane, 1-bromo-",C15H31Br,290,1622,1.05,M,138917
2143,"Benzene, 1,1'-butylidenebis-",C16H18,210,1622,1.235,L,66478
2146,"Phthalic acid, methyl neopentyl ester",C14H18O4,250,1622,1.49,L,43333
2150,"Benzene, (1-ethyloctyl)-",C16H26,218,1625.5,1.07,M,304264
2152,"2,2-diphenylpropionic acid, 2,2,2-trifluoroethyl ester",C17H15F3O2,308,1625.5,1.245,L,316212
2153,Swep,C8H7Cl2NO2,219,1625.5,1.375,H,60790
2159,"Tetradecane, 1-chloro-",C14H29Cl,232,1632.5,1.03,M,441872
2160,"Hexadecen-1-ol, trans-9-",C16H32O,240,1632.5,1.06,M,2029672
2161,"Naphthalene, 6,7-diethyl-1,2,3,4-tetrahydro-1,1,4,4-tetramethyl-",C18H28,244,1632.5,1.21,L,48356
2164,"2,6-Pyridinedicarboxylic acid, octyl phenethyl ester",C23H29NO4,383,1632.5,1.32,M,100603
2165,Tri(2-chloroethyl) phosphate,C6H12Cl3O4P,284,1632.5,1.4,H,51078
2166,Benzo[h]cinnoline,C12H8N2,180,1632.5,1.465,H,126136
2169,"Pentadecanoic acid, 14-methyl-, methyl ester",C17H34O2,270,1636,1.045,M,825825
2176,"3,5-di-tert-Butyl-4-hydroxybenzaldehyde",C15H22O2,234,1639.5,1.24,H,31753
2177,Tetraethyleneglycol monomethylether,C9H20O5,208,1639.5,1.32,M,737699
2183,Benzyl Benzoate,C14H12O2,212,1643,1.375,H,2190471
2185,"1-Butanone, 1-(2,4,6-trihydroxy-3-methylphenyl)-",C11H14O4,210,1643,1.435,H,37482
2188,"Tridecanoic acid, 12-methyl-, methyl ester",C15H30O2,242,1646.5,1.05,M,645241
2190,"Trichloroacetic acid, 1-adamantylmethyl ester",C13H17Cl3O2,310,1646.5,1.195,L,73839
2191,"2-Butenoic acid, 3-[[(ethylamino)methoxyphosphinothioyl]oxy]-, 1-methylethyl ester, (E)-",C10H20NO4PS,281,1646.5,1.27,H,114902
2192,"Phthalic acid, ethyl nonyl ester",C19H28O4,320,1646.5,1.295,M,111935
2196,cis-à-Bisabolene,C15H24,204,1650,1.18,M,188633
2200,Pentaethylene glycol,C10H22O6,238,1650,1.415,M,2263094
2201,"Naphtho[2,1-b]thiophene",C12H8S,184,1650,1.46,H,92788
2203,"13,16-Octadecadienoic acid, methyl ester",C19H34O2,294,1653.5,1.07,M,270623
2208,1-Pentadecanol acetate,C17H34O2,270,1657,1.045,M,501276
2217,N-Methyldodecanamide,C13H27NO,213,1660.5,1.195,M,56014
2222,N-(2-Cyano-ethyl)-benzenesulfonamide,C9H10N2O2S,210,1660.5,1.45,H,122601
2235,Diazinone,C12H21N2O3PS,304,1667.5,1.255,H,46217
2236,"2-Propanol, 1-chloro-, phosphate (3:1)",C9H18Cl3O4P,326,1667.5,1.3,H,191219
2239,"Benzenemethanol, 3-phenoxy-",C13H12O2,200,1667.5,1.45,H,118662
2249,"Benzoic acid, 2-hydroxy-, pentyl ester",C12H16O3,208,1674.5,1.145,M,121479
2254,"2,3-Quinoxalinedione, 1,4-dihydro-6-methyl-",C9H8N2O2,176,1674.5,1.615,M,45917
2263,Phenanthrene,C14H10,178,1678,1.465,H,1781512
2271,"2-Propanol, 1-chloro-, phosphate (3:1)",C9H18Cl3O4P,326,1681.5,1.295,H,84957
2272,"4-O-Acetyl-2,5-di-O-methyl-3,6-dideoxy-d-gluconitrile",C10H17NO4,215,1685,1.035,M,123146
2274,"Benzene, (1-pentylheptyl)-",C18H30,246,1685,1.06,M,352993
2275,Tetradecanoic acid,C14H28O2,228,1685,1.11,M,469887
2280,"Phenol, 2-(1-phenylethyl)-",C14H14O,198,1685,1.435,H,68600
2287,2-(2-Diethylaminoethylamino)ethanol,C8H20N2O,160,1688.5,1.15,M,77372
2295,"Benzene, (1-butylnonyl)-",C19H32,260,1692,1.06,M,169660
2298,"6,6,7-Trimethyl-octane-2,5-dione",C11H20O2,184,1692,1.77,M,46074
2301,"2-Pentadecanone, 6,10,14-trimethyl-",C18H36O,268,1695.5,1.045,M,925924
2302,Oleic Acid,C18H34O2,282,1695.5,1.13,M,62396
2319,Indole-5-aldehyde,C9H7NO,145,1699,1.74,H,109127
2341,"2,4-Diphenyl-4-methyl-2(E)-pentene",C18H20,236,1709.5,1.28,H,13117
2348,Pentadecanoic acid,C15H30O2,242,1713,1.135,M,571459
2353,2-Ethylhexyl methyl isophthalate,C17H24O4,292,1713,1.405,M,271561
2356,"Pyrrolizidine-3-one, 5-propyl-",C10H17NO,167,1713,1.85,M,43712
2378,Phenanthridine,C13H9N,179,1723.5,1.545,M,35300
2385,"3,4'-Diisopropylbiphenyl",C18H22,238,1727,1.22,H,20906
2390,"Isophthalic acid, ethyl 2-methylprop-2-en-1-yl ester",C14H16O4,248,1727,1.51,L,165135
2396,"Ethanol, 2-[4-(1,1-dimethylpropyl)phenoxy]-",C13H20O2,208,1730.5,1.255,L,1184494
2400,"9H-Carbazole, 9-nitroso-",C12H8N2O,196,1730.5,1.585,H,446000
2401,"Dodecane, 1-chloro-",C12H25Cl,204,1734,1.045,L,249356
2407,Caffeine,C8H10N4O2,194,1734,1.61,H,1160439
2412,"Pentadecanoic acid, 14-methyl-, methyl ester",C17H34O2,270,1737.5,1.05,M,467391
2423,"Acetamide, N-hexyl-",C8H17NO,143,1741,1.165,L,2131437
2424,Tonalid,C18H26O,258,1741,1.225,H,397881
2425,"Benzene, 1-(1,1-dimethylethyl)-3,5-dimethyl-2,4,6-trinitro-",C12H15N3O6,297,1741,1.285,H,26608
2435,Myristic acid vinyl ester,C16H30O2,254,1744.5,1.115,M,14378
2446,"6-Chloro-4-methyl-2-oxo-2H-chromen-7-yl N,N-dimethylcarbamate",C13H12ClNO4,281,1751.5,1.015,L,724174
2448,"Benzocyclododecene, 2,3-diethyl-4a,5,6,7,8,9,10,11,12,13-decahydro-",C20H32,272,1751.5,1.125,L,47417
2449,3-Benzyloxy-4-ethoxyphenylacetonitrile,C17H17NO2,267,1751.5,1.375,L,7122387
2450,"Dibenzothiophene, 3-methyl-",C13H10S,198,1751.5,1.45,H,71135
2461,"2-Penten-1-amine, N,N,2-trimethyl-, (E)-",C8H17N,127,1758.5,1.015,L,72916
2474,"Ethanone, 2,2-dimethoxy-1,2-diphenyl-",C16H16O3,256,1762,1.425,M,37480
2475,Theobromine,C7H8N4O2,180,1762,1.68,H,347038
2482,"Acridine, 9,10-dihydro-",C13H11N,181,1765.5,1.52,H,28297
2484,"Benzene, (1-methyldecyl)-",C17H28,232,1769,1.08,M,575662
2489,"4-Methylnaphtho[1,2-b]thiophene",C13H10S,198,1769,1.445,H,38857
2495,"Pyrene, 1,3-dimethyl-",C18H14,230,1772.5,1.435,H,23188
2503,"3,4'-Diisopropylbiphenyl",C18H22,238,1776,1.225,H,75051
2504,Dibutyl phthalate,C16H22O4,278,1776,1.275,M,164448
2516,"Bayer 28,589",C14H21NO3,251,1779.5,1.255,H,11056
2520,Clorophene,C13H11ClO,218,1779.5,1.47,H,48788
2528,"Cyclopenta[g]-2-benzopyran, 1,3,4,6,7,8-hexahydro-4,6,6,7,8,8-hexamethyl-",C18H26O,258,1783,1.295,H,40271
2545,"Anthracene, 1-methyl-",C15H12,192,1790,1.445,H,124801
2549,"Cyclopenta[g]-2-benzopyran, 1,3,4,6,7,8-hexahydro-4,6,6,7,8,8-hexamethyl-",C18H26O,258,1793.5,1.295,M,31332
2554,"Propanamide, N-hexyl-",C9H19NO,157,1797,1.2,L,418369
2556,"1,4-Diphenyl-1-pentanone",C17H18O,238,1797,1.395,L,57381
2557,2-Cyclohexylpiperidine,C11H21N,167,1797,1.405,L,41725
2558,"Phenanthrene, 1-methyl-",C15H12,192,1797,1.45,H,163682
2559,1-Methyldibenzothiophene,C13H10S,198,1797,1.495,L,30992
2571,"Pyrrolo[1,2-a]pyrazine-1,4-dione, hexahydro-3-(2-methylpropyl)-",C11H18N2O2,210,1804,1.54,L,23689
2588,"Acridine, 9,10-dihydro-9,9-dimethyl-",C15H15N,209,1811,1.485,H,42300
2607,4H-Cyclopenta[def]phenanthrene,C15H10,190,1818,1.515,H,83175
2612,"1,2-Benzenedicarboxylic acid, butyl octyl ester",C20H30O4,334,1821.5,1.31,M,2003915
2615,"Anthracene, 1-methyl-",C15H12,192,1821.5,1.495,H,101958
2616,"Pyrrolo[1,2-a]pyrazine-1,4-dione, hexahydro-3-(2-methylpropyl)-",C11H18N2O2,210,1821.5,1.585,H,43875
2625,"Ethanol, 2-[4-(1,1-dimethylpropyl)phenoxy]-",C13H20O2,208,1825,1.24,H,731010
2634,"3H-Imidazo(4,5-f)quinoline, 3-methyl-",C11H9N3,183,1828.5,1.505,L,60195
2636,"Ethanol, 2-[2-(4-nonylphenoxy)ethoxy]-",C19H32O3,308,1832,1.235,M,300700
2642,"Octadecanoic acid, ethyl ester",C20H40O2,312,1835.5,1.06,M,858256
2646,"3H-Isobenzofuran-1-one, 6,7-dimethoxy-3-p-tolylamino-",C17H17NO4,299,1835.5,1.245,L,156007
2655,Phenylethyl salicylate,C15H14O3,242,1839,1.38,H,98338
2656,3-Ethyldibenzothiophene,C14H12S,212,1839,1.445,L,13654
2659,"Hexadecanoic acid, 15-methyl-, methyl ester",C18H36O2,284,1842.5,1.065,M,1070817
2667,"1,7-Dimethyldibenzothiophene",C14H12S,212,1846,1.445,H,66183
2680,"Benzene, 1,3-dimethoxy-5-[(1E)-2-phenylethenyl]-",C16H16O2,240,1853,1.44,H,63456
2684,ç-Dodecalactone,C12H22O2,198,1856.5,1.225,M,518191
2685,Musk ketone,C14H18N2O5,294,1856.5,1.375,H,52157
2692,"1,3-Dioxolane, 2-(4-methoxyphenyl)-2-methyl-",C11H14O3,194,1860,1.23,L,105058
2695,Chlorpyrifos,C9H11Cl3NO3PS,349,1860,1.36,H,7816.2
2696,"Naphtho[2,3-b]thiophene, 4,9-dimethyl-",C14H12S,212,1860,1.43,H,36847
2697,"Naphthalene, 2-phenyl-",C16H12,204,1860,1.47,H,79511
2704,"3,7-Dimethyldibenzothiophene",C14H12S,212,1867,1.44,H,77791
2706,"9,10-Anthracenedione",C14H8O2,208,1867,1.585,H,190101
2711,"Ethanol, 2-[4-(1,1-dimethylpropyl)phenoxy]-",C13H20O2,208,1870.5,1.26,H,394571
2712,"2-Propen-1-one, 1,3-diphenyl-, (E)-",C15H12O,208,1870.5,1.46,H,35961
2715,(S)(+)-Z-13-Methyl-11-pentadecen-1-ol acetate,C18H34O2,282,1874,1.055,M,295142
2719,"Methanone, bis(2-chlorophenyl)-",C13H8Cl2O,250,1874,1.42,M,17008
2720,"9H-Pyrido[3,4-b]indole",C11H8N2,168,1874,1.71,H,176511
2724,"1H-Naphtho[2,1-b]pyran, 3-ethenyldodecahydro-3,4a,7,7,10a-pentamethyl-, [3R-(3à,4aá,6aà,10aá,10bà)]-",C20H34O,290,1877.5,1.22,L,24531
2728,"1(2H)-Naphthalenone, 3,4-dihydro-4-phenyl-",C16H14O,222,1877.5,1.545,H,13700
2729,"Phenol, 2-[(4-hydroxyphenyl)methyl]-",C13H12O2,200,1877.5,1.62,H,29530
2730,4'-(1-Pyrroyl)acetophenone,C12H11NO,185,1877.5,1.76,M,15872
2736,"5á-Podocarpa-8,11,13-trien-16-oic acid, methyl ester",C18H24O2,272,1881,1.3,L,70526
2747,"2,8-Dimethyldibenzo(b,d)thiophene",C14H12S,212,1884.5,1.44,M,33307
2754,Methyl 2-ethylhexyl phthalate,C17H24O4,292,1888,1.29,M,97262
2758,"N-(2-Ethylhexyl)-5-norbornene-2,3-dicarboximide",C17H25NO2,275,1891.5,1.305,H,122327
2759,"Naphtho[2,3-b]thiophene, 4,9-dimethyl-",C14H12S,212,1891.5,1.48,M,68608
2760,"Eicosane, 2-methyl-",C21H44,296,1895,0.985,M,13061
2765,"Phenanthrene, 1,7-dimethyl-",C16H14,206,1895,1.43,M,34086
2774,"1-Phenanthrenecarboxaldehyde, 1,2,3,4,4a,9,10,10a-octahydro-1,4a-dimethyl-7-(1-methylethyl)-, [1S-(1à,4aà,10aá)]-",C20H28O,284,1898.5,1.285,L,143738
2780,Tridecanoic acid,C13H26O2,214,1902,1.125,M,96408
2782,Phenylmethanediol dibutanoate,C15H20O4,264,1902,1.245,M,2381843
2784,"Phenanthrene, 1,7-dimethyl-",C16H14,206,1902,1.435,H,50019
2788,Tetradecane,C14H30,198,1905.5,0.985,M,33318
2798,"2,5,8,11,14-Pentaoxahexadecan-16-ol",C11H24O6,252,1909,1.38,M,566483
2800,Oxybenzone,C14H12O3,228,1909,1.48,H,173868
2805,p-Dicyclohexylbenzene,C18H26,242,1912.5,1.28,M,14467
2806,"N-(2-Ethylhexyl)-5-norbornene-2,3-dicarboximide",C17H25NO2,275,1912.5,1.355,M,27639
2818,"4-Oxazolecarboxylic acid, 4,5-dihydro-2-phenyl-, 1-methylethyl ester",C13H15NO3,233,1916,1.495,M,278756
2823,Cycloeicosane,C20H40,280,1919.5,1.105,M,3793532
2829,Di(E)-but-2-enyl phthalate,C16H18O4,274,1919.5,1.285,M,1323256
2831,"Fumaric acid, dicyclohexyl ester",C16H24O4,280,1919.5,1.385,L,182902
2833,Pentaethylene glycol,C10H22O6,238,1919.5,1.47,L,89675
2835,"1,1'-Biphenyl, 2,2'-dimethyl-6,6'-dinitro-",C14H12N2O4,272,1919.5,1.545,L,82612
2846,Hexaethylene glycol,C12H26O7,282,1923,1.495,M,1589643
2855,1-(p-Cumenyl)adamantane,C19H26,254,1926.5,1.285,L,34226
2860,"Methoxyacetic acid, 3-tetradecyl ester",C17H34O3,286,1930,1,M,27352
2874,"9,12-Octadecadienoic acid, methyl ester",C19H34O2,294,1933.5,1.135,M,6254125
2881,"Phenanthrene, 2,5-dimethyl-",C16H14,206,1933.5,1.485,H,57322
2888,"trans-13-Octadecenoic acid, methyl ester",C19H36O2,296,1937,1.14,M,751653
2890,"Acetamide, N-hexyl-",C8H17NO,143,1937,1.205,M,960210
2902,"Phenanthrene, 2,3-dimethyl-",C16H14,206,1940.5,1.48,H,40787
2904,Cyclopenta(def)phenanthrenone,C15H8O,204,1940.5,1.625,H,114306
2905,"Phenol, 2-[(4-hydroxyphenyl)methyl]-",C13H12O2,200,1940.5,1.655,H,59796
2910,2-(2H-Benzotriazol-2-yl)-5-methylphenol,C13H11N3O,225,1944,1.45,H,79575
2920,"Naphthalene-2-carbonitrile, 1,2,3,4-tetrahydro-2-oxo-spiro-3-cyclohexane-",C16H17NO,239,1947.5,1.535,M,37442
2929,"Benzenamine, 4,4'-methylenebis[2-methyl-",C15H18N2,226,1951,1.43,M,62658
2942,4'-Ethyl-4-biphenylcarboxylic acid,C15H14O2,226,1954.5,1.435,L,68530
2943,Pyrene,C16H10,202,1954.5,1.585,H,3322613
2944,Thiabendazole,C10H7N3S,201,1954.5,1.745,H,214969
2949,"1-Propanol, dl-2-benzylamino-,",C10H15NO,165,1958,1.14,M,1872329
2953,"4H-Benz[de]anthracene, 5,6-dihydro-",C17H14,218,1958,1.465,H,21520
2954,"Phenanthrene, 1,7-dimethyl-",C16H14,206,1958,1.51,H,13870
2995,"Cyclopentene,1-hexyl-",C11H20,152,1972,1.2,M,2115996
2998,"Benzenamine, 4,4'-methylenebis[2-methyl-",C15H18N2,226,1972,1.425,M,30729
3000,"Naphtho(2,1,8-def)quinoline",C15H9N,203,1972,1.645,H,32209
3006,Triclosan,C12H7Cl3O2,288,1975.5,1.435,H,35214
3009,Pyrene,C16H10,202,1975.5,1.6,H,17501
3018,"Fumaric acid, dicyclohexyl ester",C16H24O4,280,1982.5,1.275,H,2417431
3019,cis-Chlordane,C10H6Cl8,406,1982.5,1.405,H,33982
3032,"Benzenamine, 4,4'-methylenebis[2-methyl-",C15H18N2,226,1986,1.47,L,59869
3036,"Benzene, 1,1'-cyclohexylidenebis-",C18H20,236,1989.5,1.39,H,56117
3039,"9,10-Anthracenedione, 2-methyl-",C15H10O2,222,1989.5,1.58,H,46415
3041,"Phenaleno[1,9-bc]thiophene",C14H8S,208,1989.5,1.65,H,86518
3061,"Ethanol, 2-[2-[4-(1,1,3,3-tetramethylbutyl)phenoxy]ethoxy]-",C18H30O3,294,2000,1.32,H,701805
3062,Tonalid,C18H26O,258,2000,1.405,H,105358
3065,"Benzenamine, 4,4'-methylenebis[2-methyl-",C15H18N2,226,2000,1.47,M,83825
3075,"Indeno[2,1-b]chromene,",C16H10O,218,2003.5,1.54,H,196369
3076,"2-Naphthalenamine, 1,2,3,4-tetrahydro-N-methyl-1-(2-methyl-1-propenyl)-, trans-",C15H21N,215,2003.5,1.58,L,15491
3077,Pyrene,C16H10,202,2003.5,1.65,H,2862930
3081,"Hexadecanoic acid, 1,1-dimethylethyl ester",C20H40O2,312,2007,1.075,M,29543
3082,"2-Propenoic acid, 3-(4-methoxyphenyl)-, 2-ethylhexyl ester",C18H26O3,290,2007,1.295,H,1200238
3084,"Benzoic acid, 3,3,5-trimethyl-6-oxo-2-phenyl-3,6-dihydro-2H-pyran-4-yl ester",C21H20O4,336,2007,1.46,M,1738315
3085,"1,4-Ethenoanthracene, 1,4-dihydro-",C16H12,204,2007,1.595,H,45592
3090,Chlordane,C10H6Cl8,406,2010.5,1.405,H,18572
3093,"Octadecanoic acid, ethyl ester",C20H40O2,312,2014,1.075,M,506433
3100,"Benzenamine, 4,4'-methylenebis[2-methyl-",C15H18N2,226,2014,1.465,M,60827
3101,p-Terphenyl,C18H14,230,2014,1.475,M,21582
3102,"Benzeneacetaldehyde, à,à-diphenyl-",C20H16O,272,2014,1.515,L,10940
3103,1-Dimethyl(3-chloropropyl)silyloxypropane,C8H19ClOSi,194,2017.5,1.05,L,285276
3108,cis-Nonachlor,C10H5Cl9,440,2017.5,1.355,H,11749
3109,"Phenanthrene, 2,3,5-trimethyl-",C17H16,220,2017.5,1.44,H,45601
3116,Benzo[kl]xanthene,C16H10O,218,2021,1.575,H,76605
3121,Triethylene glycol di(2-ethylhexoate),C22H42O6,402,2024.5,1.155,M,606009
3124,Cyclopropylphenylmethane,C10H12,132,2024.5,1.38,L,113573
3128,"Phenanthrene, 2,3,5-trimethyl-",C17H16,220,2028,1.445,H,111121
3132,3-Amino-5-pyrazolol,C3H5N3O,99,2031.5,1.175,M,200470
3133,"Benzoic acid, tridecyl ester",C20H32O2,304,2031.5,1.19,M,1535527
3134,"à-d-Galactopyranoside, methyl 2-(acetylmethylamino)-2-deoxy-3,4-di-O-methyl-, 6-acetate",C14H25NO7,319,2031.5,1.35,L,23892
3135,"Aziridine, 1,2-dimethyl-3-phenyl-",C10H13N,147,2031.5,1.53,M,17131
3137,2-Aminodiphenylsulfone,C12H11NO2S,233,2031.5,1.835,H,463047
3143,"Phenanthrene, 2,3,5-trimethyl-",C17H16,220,2035,1.46,H,21576
3144,"Indeno[2,1-b]chromene,",C16H10O,218,2035,1.555,H,80153
3145,"l-isoleucine, N-dinitrophenyl-",C12H15N3O6,297,2035,1.64,L,25970
3146,"Phenol, 4,4'-(1-methylethylidene)bis-",C15H16O2,228,2035,1.655,H,10556745
3154,"p,p'-DDE",C14H8Cl4,316,2038.5,1.405,H,61868
3155,"Cycloisolongifolene, 8,9-dehydro-9-vinyl-",C17H24,228,2038.5,1.535,M,10080
3159,"2-[2-[2-Methoxyethoxy]ethoxy-1,3-dioxalane",C8H16O5,192,2042,1.22,M,49530
3162,"1-Phenanthrenecarboxylic acid, 1,2,3,4,4a,9,10,10a-octahydro-1,4a-dimethyl-, methyl ester, [1S-(1à,4aà,10aá)]-",C18H24O2,272,2042,1.46,L,814607
3163,"Phenanthrene, 2,3,5-trimethyl-",C17H16,220,2042,1.475,H,67039
3171,Methyl dehydroabietate,C21H30O2,314,2045.5,1.42,L,159649
3172,9-Anthracenecarbonitrile,C15H9N,203,2045.5,1.73,H,81151
3176,"Androst-5-en-17-one, 3-(acetyloxy)-19-hydroxy-, (3á)-",C21H30O4,346,2049,1.435,L,30486
3177,"Benzene, 1,1'-sulfonylbis(4-methyl-)",C14H14O2S,246,2049,1.635,H,59410
3182,9-Ethyl-10-methylanthracene,C17H16,220,2052.5,1.475,L,41204
3186,"Phthalic acid, 2-methylpent-3-yl octadecyl ester",C32H54O4,502,2056,1.27,L,1618687
3191,"Propanal, 2-methyl-, ethylhydrazone",C6H14N2,114,2059.5,1.325,L,137556
3192,"1,7,7-Trimethyl-3-phenethylidenebicyclo[2.2.1]heptan-2-one",C18H22O,254,2059.5,1.355,M,118853
3194,"Dibenzo[b,d]thiophene, 1,3,6,7-tetramethyl-",C16H16S,240,2059.5,1.47,L,15647
3195,7H-Benzo[c]fluorene,C17H12,216,2059.5,1.555,H,93628
3202,"Phthalic acid, hex-3-yl isohexyl ester",C20H30O4,334,2063,1.28,M,988160
3203,"Phenanthrene, 2,3,5-trimethyl-",C17H16,220,2063,1.48,M,15094
3210,4H-Benzo[def]carbazole,C14H9N,191,2066.5,1.79,H,64438
3217,"3-Ethoxy-5-propoxymethyl-4,5-dihydroisoxazole",C9H17NO3,187,2070,1.335,L,236484
3219,Dibutyl phthalate,C16H22O4,278,2070,1.405,M,24795
3221,"Phenanthrene, 2,3,5-trimethyl-",C17H16,220,2070,1.5,M,35603
3227,Tributyl acetylcitrate,C20H34O8,402,2073.5,1.225,H,22759
3230,"Benzoic acid, 4-(methylamino)-",C8H9NO2,151,2073.5,1.385,L,278657
3232,"3H-Cycloocta[c]pyran-3-one, 5,6,7,8,9,10-hexahydro-4-isopropyl-1-phenyl-",C20H24O2,296,2073.5,1.43,L,83938
3239,"Ethanol, 2-[2-[4-(1,1,3,3-tetramethylbutyl)phenoxy]ethoxy]-",C18H30O3,294,2077,1.3,M,211556
3240,"Benzene, 1,3-dimethoxy-5-[(1E)-2-phenylethenyl]-",C16H16O2,240,2077,1.45,H,134351
3241,"Cyclohexanone, 2,4-diacetyl-5-hydroxy-3-(4-methoxyphenyl)-5-methyl-",C18H22O5,318,2077,1.48,L,67307
3247,2-Isopropyl-10-methylphenanthrene,C18H18,234,2080.5,1.44,H,44704
3248,Allococaine,C17H21NO4,303,2080.5,1.49,H,17775
3249,"2H-Phenanthro[9,10-b]pyran",C17H12O,232,2080.5,1.515,M,20888
3251,"l-Alanine, N-(p-toluoyl)-, hexyl ester",C17H25NO3,291,2084,1.14,M,187655
3252,Triethylene glycol monododecyl ether,C18H38O4,318,2084,1.205,M,94193
3253,"Phthalic acid, cyclobutyl heptyl ester",C19H26O4,318,2084,1.28,M,11412861
3256,"Fluoranthene, 2-methyl-",C17H12,216,2084,1.6,H,147265
3268,Cocaine,C17H21NO4,303,2087.5,1.52,M,934690
3272,"N1-Isopropyl-2-methyl-1,2-propanediamine",C7H18N2,130,2091,1.12,L,374188
3274,"Oxiraneoctanoic acid, 3-octyl-, methyl ester, cis-",C19H36O3,312,2091,1.165,M,162758
3277,"2,6-Diphenylpyridine",C17H13N,231,2091,1.545,H,15982
3286,"1,2-Benzenedicarboxylic acid, bis(4-methylpentyl) ester",C20H30O4,334,2094.5,1.28,M,3199580
3297,Padimate O,C17H27NO2,277,2098,1.325,H,91071
3306,"l-Alanine, N-(p-toluoyl)-, hexyl ester",C17H25NO3,291,2105,1.145,M,1855289
3309,"Phthalic acid, 2-chloropropyl heptyl ester",C18H25ClO4,340,2105,1.285,M,9410652
3322,"2H-Phenanthro[9,10-b]pyran",C17H12O,232,2108.5,1.535,L,37390
3324,"Pyrene, 2-methyl-",C17H12,216,2108.5,1.62,H,130977
3325,"1,8-Diazacyclotetradecane-2,7-dione",C12H22N2O2,226,2108.5,1.885,M,1150081
3330,"7-Isopropyl-1,1,4a-trimethyl-1,2,3,4,4a,9,10,10a-octahydrophenanthrene",C20H30,270,2112,1.445,L,76395
3332,4-(Tetrahydro-1H-pyrrol-1-ylsulfonyl)aniline,C10H14N2O2S,226,2112,1.68,L,220253
3337,"(3-Methylphenyl) methanol, 1-methylpropyl ether",C12H18O,178,2115.5,1.13,L,54172
3338,"Benzoic acid, pentadecyl ester",C22H36O2,332,2115.5,1.2,M,1221022
3341,Tert-octyldiphenylamine,C20H27N,281,2115.5,1.375,H,39699
3342,"Propanoic acid, 2-(benzoylamino)-3-phenyl-, methyl ester",C17H17NO3,283,2115.5,1.56,M,42308
3343,"Anthracene, 9-(2-propenyl)-",C17H14,218,2115.5,1.635,M,29261
3349,"Phthalic acid, 2-chloropropyl heptyl ester",C18H25ClO4,340,2119,1.285,M,5958271
3350,"Ethanol, 2-[2-[4-(1,1,3,3-tetramethylbutyl)phenoxy]ethoxy]-",C18H30O3,294,2119,1.315,M,158401
3357,"2H-Phenanthro[9,10-b]pyran",C17H12O,232,2122.5,1.55,M,21554
3361,"Cyclopentanetridecanoic acid, methyl ester",C19H36O2,296,2126,1.17,M,247710
3363,"Phthalic acid, 8-chlorooctyl heptyl ester",C23H35ClO4,410,2126,1.295,M,8826879
3368,"1,8-Diazacyclotetradecane-2,9-dione",C12H22N2O2,226,2126,1.975,H,6627939
3374,"1-Propanol, dl-2-benzylamino-,",C10H15NO,165,2129.5,1.15,M,5834118
3378,"Pyrene, 4-methyl-",C17H12,216,2129.5,1.655,H,123769
3385,"2-Propenoic acid, 3-(4-methoxyphenyl)-, 2-ethylhexyl ester",C18H26O3,290,2133,1.295,H,952204
3386,"3H-2-Benzopyran-3-one, octahydro-",C9H14O2,154,2133,1.305,L,64425
3390,7H-Benzo[c]fluorene,C17H12,216,2136.5,1.655,H,80026
3395,15-Isobutyl-(13àH)-isocopalane,C24H44,332,2140,1.19,M,73344
3397,"2,5,8,11,14-Pentaoxahexadecan-16-ol",C11H24O6,252,2140,1.44,M,334487
3398,"Acridin-9-amine, 1,2,3,4-tetrahydro-5,8-dimethyl-",C15H18N2,226,2140,1.57,L,189612
3411,"3,3,5,5-Tetramethylcyclopentene",C9H16,124,2147,1.42,L,326733
3412,"4H-[1,2,4]Triazole-3-thiol, 4-benzyl-5-furan-2-yl-",C13H11N3OS,257,2147,1.67,M,152221
3417,"Phthalic acid, hexyl nonyl ester",C23H36O4,376,2150.5,1.295,M,9512695
3420,"Naphtho[2',3':4,5]imidazo[1,2-a]pyridine-6,11-dione",C15H8N2O2,248,2150.5,1.78,L,25474
3422,"1-Phenanthrenecarboxylic acid, 1,2,3,4,4a,5,6,7,8,9,10,10a-dodecahydro-1,4a-dimethyl-7-(1-methylethyl)-, methyl ester, [1R-(1à,4aá,7á,10aà)]-",C21H34O2,318,2154,1.3,M,25948
3423,"Phenanthrene, 3,4,5,6-tetramethyl-",C18H18,234,2154,1.465,H,23686
3429,"4,8,12,16-Tetramethylheptadecan-4-olide",C21H40O2,324,2157.5,1.19,M,540899
3431,"2H-Pyran-2-one, tetrahydro-6-nonyl-",C14H26O2,226,2157.5,1.27,M,161772
3434,"1-Propanol, 2,3-dichloro-, phosphate (3:1)",C9H15Cl6O4P,428,2157.5,1.44,H,379605
3444,"Eicosanoic acid, phenylmethyl ester",C27H46O2,402,2164.5,1.21,M,379698
3456,Methyl dehydroabietate,C21H30O2,314,2168,1.405,H,59924
3457,Benzyl butyl phthalate,C19H20O4,312,2168,1.545,M,5136151
3466,"Benzoimidazol-2-one, 1-adamantan-1-yl-1,3-dihydro-",C17H20N2O,268,2171.5,1.445,L,46648
3476,"Phthalic acid, 5-methylhex-2-yl pentadecyl ester",C30H50O4,474,2175,1.27,M,1307531
3483,"Benzeneethanamine, 2-fluoro-á,3,4-trihydroxy-N-isopropyl-",C11H16FNO3,229,2178.5,1.25,M,3061613
3491,15-Isobutyl-(13àH)-isocopalane,C24H44,332,2182,1.18,M,46563
3512,"Ethanol, 2-butoxy-, phosphate (3:1)",C18H39O7P,398,2196,1.27,H,4842068
3513,"1-Phenanthrenemethanol, 1,2,3,4,4a,9,10,10a-octahydro-1,4a-dimethyl-7-(1-methylethyl)-, [1S-(1à,4aà,10aá)]-",C20H30O,286,2196,1.49,M,49020
3518,"Benzoic acid, pentadecyl ester",C22H36O2,332,2199.5,1.2,M,1221688
3530,"Pyrene, 1,3-dimethyl-",C18H14,230,2203,1.615,H,32903
3531,11H-Benzo[a]fluoren-11-one,C17H10O,230,2203,1.705,H,205037
3533,"Isovaleric acid, eicosyl ester",C25H50O2,382,2206.5,1.09,M,4613893
3536,Piperonyl butoxide,C19H30O5,338,2206.5,1.36,H,2643812
3537,"1(3H)-Isobenzofuranone, 5,6-dimethoxy-7-nitro-",C10H9NO6,239,2206.5,1.38,L,23651
3546,"Phthalic acid, 5-methylhex-2-yl pentadecyl ester",C30H50O4,474,2210,1.275,M,3588953
3547,"5-Acetyl-4-(2-furyl)-4,5,6,7-tetrahydro-6-hydroxy-3,6-dimethyl-1H-benzindazole",C15H16O2,228,2210,1.59,M,16916
3555,Triphenyl phosphate,C18H15O4P,326,2213.5,1.635,H,49278
3561,26-Deoxy-26-ethylaminodihydroneotigogenin,C29H51NO2,445,2217,1.215,L,395286
3571,"Pyrene, 1,3-dimethyl-",C18H14,230,2220.5,1.62,M,31251
3572,"2-Propen-1-one, 1-(2,6-dihydroxy-4-methoxyphenyl)-3-phenyl-, (E)-",C16H14O4,270,2220.5,1.635,H,31847
3577,"4-Chlorobutyric acid, pentadecyl ester",C19H37ClO2,332,2224,1.2,L,116566
3581,"Phosphoric acid, isodecyl diphenyl ester",C22H31O4P,390,2224,1.4,H,150675
3586,"Benzo[b]naphtho[2,3-d]thiophene",C16H10S,234,2227.5,1.705,H,177083
3587,6H-Benz[de]anthracen-6-one,C17H10O,230,2227.5,1.725,H,54461
3594,"5H-Pyrrolo[2,3-b]pyrazine-2,3-dicarbonitrile, 6-amino-5-(2-dimethylaminoethyl)-7-(1-methyl-1H-benzoimidazol-2-yl)-",C20H19N9,385,2231,1.14,L,379619
3595,2-[p-Chlorostyryl]-4-[4-[diethylamino]-1-methylbutyl]amino-6-methoxyquinoline,C27H34ClN3O,451,2231,1.18,L,35584
3596,"Benzoyl chloride, 4-pentyl-",C12H15ClO,210,2231,1.24,L,65466
3597,"Phthalic acid, 6-ethyl-3-octyl heptyl ester",C25H40O4,404,2231,1.28,M,7405841
3605,"Ethanol, 2-[2-[2-[4-(1,1,3,3-tetramethylbutyl)phenoxy]ethoxy]ethoxy]-",C20H34O4,338,2234.5,1.37,M,320520
3613,Benzo[ghi]fluoranthene,C18H10,226,2238,1.74,H,128242
3620,Benz[c]acridine,C17H11N,229,2241.5,1.73,H,42536
3626,"trans-anti-trans-Tricyclo[7.3.0.0(2,6)]-7-dodecene",C12H18,162,2245,1.15,L,107190
3628,N-carbobenzyloxy-propan-3-ol-1-amine,C25H42O2,374,2245,1.215,M,122353
3629,2-Cyclohexylpiperidine,C11H21N,167,2245,1.345,M,1712794
3633,"Phenanthro[4,3-b]thiophene",C16H10S,234,2245,1.75,H,38229
3641,"Phthalic acid, 2-chloropropyl hexyl ester",C17H23ClO4,326,2248.5,1.285,M,10189329
3642,"Benzene, (5-iodopentyl)-",C11H15I,274,2248.5,1.47,M,238144
3644,11H-Benzo[a]fluoren-11-one,C17H10O,230,2248.5,1.73,H,193321
3651,"Benzamide, N-propyl-",C10H13NO,163,2252,1.49,L,30048838
3656,"1,2-Benzenedicarboxylic acid, diheptyl ester",C22H34O4,362,2255.5,1.3,M,5075897
3667,13-Isopropylpodocarpen-12-ol-20-al,C20H28O2,300,2259,1.595,L,26524
3676,Diethylene glycol dibenzoate,C18H18O5,314,2262.5,1.59,H,5262778
3677,"Benzo[b]naphtho[2,1-d]thiophene",C16H10S,234,2262.5,1.74,H,55264
3681,"l-Alanine, N-(p-toluoyl)-, hexyl ester",C17H25NO3,291,2266,1.155,M,419332
3691,5-n-Propylhydantoin,C6H10N2O2,142,2269.5,1.35,L,61113
3692,"4H-1-Benzopyran-4-one, 2,3-dihydro-5,7-dimethoxy-2-phenyl-",C17H16O4,284,2269.5,1.62,M,10338
3698,"Acetamide, N-hexyl-",C8H17NO,143,2273,1.2,L,637515
3702,"Benzene, 1,4-diethyl-2,3,5,6-tetramethyl-",C14H22,190,2273,1.395,M,773854
3704,"11H-Benzo[a]fluoren-11-one, 10-methyl-",C18H12O,244,2273,1.68,M,11967
3710,"Benzoic acid, pentadecyl ester",C22H36O2,332,2276.5,1.21,M,768479
3715,"Naphtho(2,1-f)quinoline",C17H11N,229,2276.5,1.76,H,37096
3721,"Phenol, 2,4-bis(1-phenylethyl)-",C22H22O,302,2280,1.615,H,104973
3722,Benz[a]anthracene,C18H12,228,2280,1.73,H,406224
3727,"Benzene, 1,1'-(1,1,2,2-tetramethyl-1,2-ethanediyl)bis-",C18H22,238,2283.5,1.42,M,168273
3728,"Butanedioic acid, 2,3-bis(benzoyloxy)-, [S-(R*,R*)]-",C18H14O8,358,2283.5,1.455,M,5617938
3729,"2,3,4,5-Tetrafluorobenzyl alcohol, isopropyl ether",C10H10F4O,222,2283.5,1.475,L,170112
3730,"Benzene, (1-azido-1-methylethyl)-",C9H11N3,161,2283.5,1.65,L,62398
3732,"1,3,4-Oxadiazole-2(3H)-thione, 5-(2-bromophenyl)-3-benzyl(methyl)aminomethyl-",C17H16BrN3OS,389,2287,1.16,L,2008596
3735,Benzo(c)carbazole,C16H11N,217,2287,1.815,H,143872
3745,1-Phenyldibenzofuran,C18H12O,244,2290.5,1.69,H,19490
3746,Benz[a]anthracene,C18H12,228,2290.5,1.76,H,1137687
3761,"Cyclopropanecarboxylic acid, 2,2-dimethyl-3-(2-methyl-1-propenyl)-, (3-phenoxyphenyl)methyl ester, (1R-cis)-",C23H26O3,350,2297.5,1.445,L,173732
3766,1-Phenyldibenzofuran,C18H12O,244,2297.5,1.7,M,12101
3770,Diisooctyl phthalate,C24H38O4,390,2301,1.305,L,1073788
3771,Bis(2-ethylhexyl) phthalate,C24H38O4,390,2301,1.32,L,3149547
3787,"Cyclopropanecarboxylic acid, 2,2-dimethyl-3-(2-methyl-1-propenyl)-, (3-phenoxyphenyl)methyl ester, (1R-cis)-",C23H26O3,350,2304.5,1.5,H,394174
3801,"Cyclopenta(cd)pyrene, 3,4-dihydro-",C18H12,228,2308,1.79,L,21962
3806,"Propanamide, N-hexyl-",C9H19NO,157,2311.5,1.195,L,170448
3810,2-Phenylbutyryl chloride,C10H11ClO,182,2311.5,1.67,L,36655
3820,"1H-Indene, 2,3-dihydro-1,1,3-trimethyl-3-phenyl-",C18H20,236,2315,1.475,M,111933
3823,"Phosphoric acid, (1-methylethyl)phenyl diphenyl ester",C21H21O4P,368,2315,1.58,H,83362
3832,Dibromophenyl ether,C12H6Br4O,482,2318.5,1.64,H,33744
3834,6H-Benz[de]anthracen-6-one,C17H10O,230,2318.5,1.87,H,37308
3837,"Dodecanoic acid, phenylmethyl ester",C19H30O2,290,2322,1.225,M,2145895
3838,"Carbonic acid, octyl phenyl ester",C15H22O3,250,2322,1.26,L,215510
3841,"2-Methylbenzo[b]naphtho[2,1-d]thiophene",C17H12S,248,2322,1.695,H,20889
3854,Benzo(b)carbazole,C16H11N,217,2329,1.875,H,28048
3861,"Benzeneethanamine, 2-fluoro-á,3,4-trihydroxy-N-isopropyl-",C11H16FNO3,229,2332.5,1.265,L,220084
3862,"Phthalic acid, 6-methylhept-2-yl octyl ester",C24H38O4,390,2332.5,1.29,M,5952262
3864,"Naphtho[2,1,8,7-klmn]xanthene",C18H10O,242,2332.5,1.78,H,62601
3875,"(2,3-Diphenylcyclopropyl)methyl phenyl sulfoxide, trans-",C22H20OS,332,2336,1.565,H,61475
3882,"Acetic acid, 3-ethoxy-4,5-dihydroisoxazol-5-ylmethyl ester",C8H13NO4,187,2339.5,1.395,L,79116
3890,"Phthalic acid, 4-methylhept-3-yl undecyl ester",C27H44O4,432,2343,1.28,M,2901596
3894,4-Hydroxy-1-indanone,C9H8O2,148,2343,1.645,L,155572
3895,11H-Benzo[a]carbazole,C16H11N,217,2343,1.935,H,125259
3901,"Phthalic acid, monoamide, N,N'-diethyl-N,N'-diphenyl-",C24H24N2O2,372,2346.5,1.445,L,35884
3909,Cannabinol,C21H26O2,310,2350,1.475,H,161611
3910,"Benzene, 1,1'-(1,4-dimethyl-1-butene-1,4-diyl)bis-",C18H20,236,2350,1.51,L,1592266
3916,"Benzoic acid, undecyl ester",C18H28O2,276,2353.5,1.215,L,342915
3919,"7-Oxodehydroabietic acid, methyl ester",C21H28O3,328,2353.5,1.545,H,248365
3924,"Benzenemethanol, 2-hydroxy-5-methyl-",C8H10O2,138,2357,1.22,L,34446
3949,"4H-1-Benzopyran-4-one, 5-hydroxy-7-methoxy-2-phenyl-",C16H12O4,268,2371,1.68,M,30382
3954,"Benz[a]anthracene, 12-methyl-",C19H14,242,2374.5,1.73,H,79165
3959,"Benzoic acid, 4-(4-ethylcyclohexyl)-, 4-butoxy-2,3-dicyanophenyl ester",C27H30N2O3,430,2378,1.435,L,110968
3962,"2H-Pyran, tetrahydro-2-(12-pentadecynyloxy)-",C20H36O2,308,2381.5,1.145,L,96577
3967,"Benzene, 1,1'-(1,4-dimethyl-1-butene-1,4-diyl)bis-",C18H20,236,2381.5,1.53,L,826960
3970,"Phthalic acid, benzyl isobutyl ester",C19H20O4,312,2385,1.5,M,37163
3973,"Benz(a)anthracene-7,12-dione",C18H10O2,258,2385,1.83,H,47780
3979,"Phthalic acid, octyl 2-propylpentyl ester",C24H38O4,390,2388.5,1.295,M,6334528
3991,2-Hexadecyl-5-methylpyrrolidine,C21H43N,309,2395.5,1.36,M,873852
3992,"Benzenesulfonyl chloride, 2,4,6-tris(1-methylethyl)-",C15H23ClO2S,302,2395.5,1.67,L,98019
4000,"Phenol, 2-(2H-benzotriazol-2-yl)-4,6-bis(1,1-dimethylpropyl)-",C22H29N3O,351,2399,1.395,M,71579
4001,Piperonyl butoxide,C19H30O5,338,2399,1.53,L,115343
4009,Octocrylene,C24H27NO2,361,2402.5,1.485,H,36716
4011,"1,1'-Biphenyl, 2-formyl-4',5',6'-trimethoxy-",C16H16O4,272,2402.5,1.7,L,26989
4017,"9-Oximino-2,7-diethoxyfluorene",C17H17NO3,283,2406,1.07,L,21713
4022,"Phenol, 2-(5-chloro-2H-benzotriazol-2-yl)-4,6-bis(1,1-dimethylethyl)-",C20H24ClN3O,357,2406,1.37,H,38712
4040,3-Phenoxybenzhydrazide,C13H12N2O2,228,2416.5,1.5,L,118816
4075,"1,3,4-Oxadiazole-2(3H)-thione, 5-(2-bromophenyl)-3-benzyl(methyl)aminomethyl-",C17H16BrN3OS,389,2434,1.195,L,408776
4078,"Phthalic acid, heptyl undecyl ester",C26H42O4,418,2434,1.345,M,34970276
4081,"1H-Isoindole, 2,3-dihydro-",C8H9N,119,2437.5,1.275,L,1331599
4082,"Phthalic acid, bis(7-methyloctyl) ester",C26H42O4,418,2437.5,1.33,M,586687
4083,"Phthalic acid, 5-methylhex-2-yl heptadecyl ester",C32H54O4,502,2437.5,1.455,M,107137
4084,"Ethanol, 2-[2-[2-[2-[p-(1,1,3,3-tetramethylbutyl)phenoxy]ethoxy]ethoxy]ethoxy]-",C22H38O5,382,2437.5,1.485,M,149829
4085,Permethrine,C21H20Cl2O3,390,2437.5,1.565,M,656086
4086,7-Phenylisoquinoline,C15H11N,205,2437.5,1.765,L,46973
4087,"Benzo[b]naphtho[2,3-d]thiophene, 6,8-dimethyl-",C18H14S,262,2437.5,1.785,L,13276
4089,"1,2-Benzenedicarboxylic acid, mono(2-ethylhexyl) ester",C16H22O4,278,2441,1.235,L,11575182
4105,"3-Pyridinecarbonitrile, 1,4-dihydro-1-methyl-",C7H8N2,120,2451.5,1.28,L,507660
4108,"Cannabinol, O-trimethylsilyl-",C24H34O2Si,382,2451.5,1.665,L,24482
4134,Piperine,C17H19NO3,285,2465.5,1.905,H,15490
4142,"à-[2-Piperidyl]-2,6-di-[p-trifluoromethylphenyl]-4-pyridinemethanol",C25H22F6N2O,480,2469,1.43,L,204543
4147,"1,3-Propanediamine, N'-(4-chlorophenyl)-N,N,2-trimethyl-",C12H19ClN2,226,2472.5,1.11,L,8275.4
4153,Octabenzone,C21H26O3,326,2472.5,1.505,H,195441
4157,"1-Decanol, 10-[(tetrahydro-2H-pyran-2-yl)oxy]-",C15H30O3,258,2476,1.21,L,142202
4160,Dibenzyl phthalate,C22H18O4,346,2476,1.925,M,272628
4174,"9H-Fluorene, 9-(phenylmethylene)-",C20H14,254,2483,2.06,M,38920
4187,Squalene,C30H50,410,2490,1.25,M,6600308
4218,"Acetamide, N-(3-dimethylaminopropyl)-2-(1,3-dimethyl-2,6-dioxo-1,2,3,6-tetrahydropurin-7-yl)-",C14H22N6O3,322,2507.5,1.34,M,227774
4223,"2,2',4,4',5,-Penabromodiphenyl ether",C12H5Br5O,560,2507.5,1.945,H,22969
4237,Benzo[k]fluoranthene,C20H12,252,2514.5,2.125,H,708058
4238,"Benzo(a)pyrene-4,5-dione",C20H10O2,282,2514.5,2.215,L,62416
4256,"5H-Indeno[1,2-b]pyridin-5-ol, 5-allyl-4-amino-",C15H14N2O,238,2521.5,1.8,L,65737
4292,Dimantine,C20H43N,297,2542.5,1.17,L,153641
4378,"5-Chlorovaleric acid, 3-pentadecyl ester",C20H39ClO2,346,2584.5,1.52,L,1535655
4418,Dimantine,C20H43N,297,2619.5,1.185,L,139622
4445,"2,3,6-Trichlorobenzoyl chloride",C7H2Cl4O,242,2644,1.23,L,22434
4474,"Perylene, 3-methyl-",C21H14,266,2668.5,2.075,H,15717
4494,Hydroxyclomipramine,C19H23ClN2O,330,2696.5,1.14,L,376713
4498,Miconazole,C18H14Cl4N2O,414,2696.5,1.865,H,69743
4528,"17.alfa.,21á-28,30-Bisnorhopane",C28H48,384,2717.5,1.53,M,92379
4573,Carinol,C20H26O7,378,2749,2.32,L,192419
4591,Binaphthyl sulfone,C20H14O2S,318,2763,2.72,M,53823
4599,à-Tocopheryl acetate,C31H52O3,472,2770,1.485,H,499272
4632,Picene,C22H14,278,2801.5,2.52,M,26228
4707,Benzo[ghi]perylene,C22H12,276,2878.5,3.08,H,334436
4744,cis-Vaccenic acid,C18H34O2,282,2941.5,1.51,M,88420
4757,"Benzene, 1,1'-(1,4-dimethyl-1-butene-1,4-diyl)bis-",C18H20,236,2969.5,2.645,M,944517
4771,"1,8-Diazacyclotetradecane-2,9-dione",C12H22N2O2,226,2994,0.445,L,224476
