2625	Ethanol, 2-[4-(1,1-dimethylpropyl)phenoxy]-	2
1806	Pentane, 2-methoxy-	0
3146	Phenol, 4,4'-(1-methylethylidene)bis-	2
1977	2(3H)-Benzothiazolone	2
1840	11-Bromoundecanoic acid	0
1036	Cyclopentanone	0
1663	Myristoleic acid	0
3137	2-Aminodiphenylsulfone	2
3677	Benzo[b]naphtho[2,1-d]thiophene	2
522	Oxirane, tetramethyl-	0
1629	1,3-Cyclopentanedione, 4-methyl-5-pentyl-	0
2680	Benzene, 1,3-dimethoxy-5-[(1E)-2-phenylethenyl]-	2
818	Ethanol, 2-phenoxy-	2
3241	Cyclohexanone, 2,4-diacetyl-5-hydroxy-3-(4-methoxyphenyl)-5-methyl-	0
559	Decane, 5-methyl-	0
1224	Benzaldehyde, 4-hydroxy-	2
208	1,5-Diazocine, octahydro-1,5-dinitroso-	0
3787	Cyclopropanecarboxylic acid, 2,2-dimethyl-3-(2-methyl-1-propenyl)-, (3-phenoxyphenyl)methyl ester, (1R-cis)-	2
1791	Benzene, (1-methylundecyl)-	0
126	2(5H)-Furanone, 3-methyl-	2
3182	9-Ethyl-10-methylanthracene	0
1012	3-Cyclobutene-1,2-dione, 3,4-dihydroxy-	2
1306	Vanillin	2
4009	Octocrylene	2
1531	Benzeneacetic acid, 4-hydroxy-, methyl ester	2
380	2,N-Dibenzoyl-6-hexanelactam	0
115	Phenol	2
4498	Miconazole	2
929	3-Oxo-4-phenylbutyronitrile	0
1687	2-Octene, 1-(methoxymethoxy)-, (E)-	0
1132	Methyl-3-(2,2-dichlorovinyl)-2,2-dimethyl-(1-cyclopropane)carboxylate,c&t	2
1559	m-Toluic acid, pentyl ester	0
836	3,4-Anhydro-d-galactosan	0
2482	Acridine, 9,10-dihydro-	2
1292	Ethanone, 1-(3-hydroxyphenyl)-	2
1061	4,5-Bis-dimethoxymethyl-octanedioic acid, dimethyl ester	0
2010	Phenol, 2,6-dimethoxy-4-(2-propenyl)-	2
1483	2(3H)-Furanone, 5-acetyldihydro-	2
2069	Cotinine	2
1964	1(2H)-Acenaphthylenone	2
2083	3-(4-Buthoxybenzylthio)-1,2,4-(4H)-triazole	0
1852	Cedrol	2
883	Benzeneacetamide, à-ethyl-	0
1903	Benzene, (1-ethylnonyl)-	2
822	Butyl aldoxime, 3-methyl-, syn-	0
1551	Tetraethyleneglycol monomethylether	0
1846	Tetrahydrofuran-2-one, 5-[1-hydroxyhexyl]-	0
4223	2,2',4,4',5,-Penabromodiphenyl ether	2
140	1-Hexene, 1-butoxy-2-ethyl-	0
3626	trans-anti-trans-Tricyclo[7.3.0.0(2,6)]-7-dodecene	0
322	2,2-Dimethyl-3-heptanone	0
1436	3-Hydroxybenzhydrazide	2
3841	2-Methylbenzo[b]naphtho[2,1-d]thiophene	2
2720	9H-Pyrido[3,4-b]indole	2
1203	Nonanoic acid, 3,5-difluophenyl ester	0
2692	1,3-Dioxolane, 2-(4-methoxyphenyl)-2-methyl-	0
3145	l-isoleucine, N-dinitrophenyl-	0
181	1H,1H,2H,2H-Perfluorodecan-1-ol	0
892	Hexanoic acid, 4-tetradecyl ester	0
2910	2-(2H-Benzotriazol-2-yl)-5-methylphenol	2
4134	Piperine	2
2018	m-Anisic acid, 4-nitrophenyl ester	0
2616	Pyrrolo[1,2-a]pyrazine-1,4-dione, hexahydro-3-(2-methylpropyl)-	2
3572	2-Propen-1-one, 1-(2,6-dihydroxy-4-methoxyphenyl)-3-phenyl-, (E)-	2
1708	2,4-Imidazolidinedione, 5-(2-methylpropyl)-, (S)-	0
3531	11H-Benzo[a]fluoren-11-one	2
3613	Benzo[ghi]fluoranthene	2
394	1,2-Butanediol	0
1963	Propanoic acid, 2-methyl-3-[4-t-butyl]phenyl-	2
2559	1-Methyldibenzothiophene	0
537	Maltol	2
1310	Niacinamide	2
2495	Pyrene, 1,3-dimethyl-	2
2191	2-Butenoic acid, 3-[[(ethylamino)methoxyphosphinothioyl]oxy]-, 1-methylethyl ester, (E)-	2
3420	Naphtho[2',3':4,5]imidazo[1,2-a]pyridine-6,11-dione	0
3032	Benzenamine, 4,4'-methylenebis[2-methyl-	0
#peak_num	name	confidence
3277	2,6-Diphenylpyridine	2
3171	Methyl dehydroabietate	0
2044	1,2-Benzenediol, o-(1-adamantancarbonyl)-o'-(cyclobutanecarbonyl)-	0
1113	Bicyclo[4.4.1]undeca-1,3,5,7,9-pentaene	0
1966	Benzenesulfonamide, 4-methyl-	2
1561	Apocynin	2
1642	3-Hexanol, 2,5-dimethyl-	0
1364	1,4,7,10-Tetraoxacyclododecan-2-one	0
2090	Benzoic acid, 1-methylethyl ester	0
1349	Acetonitrile, 2-chloro-2-[dimethylamine(N-B)bis(trifluoromethyl)boryl]-	0
2058	1,3-Cyclohexadiene-1-carboxylic acid, 2,6,6-trimethyl-, ethyl ester	0
4378	5-Chlorovaleric acid, 3-pentadecyl ester	0
2072	1,4-Benzenediol, 2,6-bis(1,1-dimethylethyl)-	2
2615	Anthracene, 1-methyl-	2
3761	Cyclopropanecarboxylic acid, 2,2-dimethyl-3-(2-methyl-1-propenyl)-, (3-phenoxyphenyl)methyl ester, (1R-cis)-	0
3644	11H-Benzo[a]fluoren-11-one	2
1892	Octane, 2,3,3-trimethyl-	0
533	Phenylethyl Alcohol	2
2656	3-Ethyldibenzothiophene	0
3195	7H-Benzo[c]fluorene	2
3745	1-Phenyldibenzofuran	2
2183	Benzyl Benzoate	2
83	3-Amino-2-oxazolidinone	0
1967	2(3H)-Furanone, dihydro-5-methyl-5-(2-methylpropyl)-	0
1957	3-O-Methyl-d-glucose	0
1712	Cyclopentadecanone, 4-methyl-	0
1326	Piperidine, 1-(1-butenyl)-	0
1987	5-Azabenzimidazole	2
1608	Ethanone, 1-(2,3,4-trichlorophenyl)-	2
598	2H-Pyran, 2-(3-butynyloxy)tetrahydro-	0
2400	9H-Carbazole, 9-nitroso-	2
2607	4H-Cyclopenta[def]phenanthrene	2
1682	Desulfoglucobrassicin	0
2784	Phenanthrene, 1,7-dimethyl-	2
4081	1H-Isoindole, 2,3-dihydro-	0
1212	Azetidine, 1,3-dimethyl-	0
3154	p,p'-DDE	2
3076	2-Naphthalenamine, 1,2,3,4-tetrahydro-N-methyl-1-(2-methyl-1-propenyl)-, trans-	0
1884	Benzophenone	2
863	2-Cyclohexylpiperidine	0
1047	2-Furancarboxylic acid, hydrazide	0
1993	2-Hydroxy-2-phenylacetic acid, p-methoxybenzyl ester	0
2222	N-(2-Cyano-ethyl)-benzenesulfonamide	2
1639	Benzyl sulfone	0
1776	3-Ethyl-4-nonanol	0
3594	5H-Pyrrolo[2,3-b]pyrazine-2,3-dicarbonitrile, 6-amino-5-(2-dimethylaminoethyl)-7-(1-methyl-1H-benzoimidazol-2-yl)-	0
2048	Benzene, (1-pentylheptyl)-	2
1655	2-Propanone, 1-(4-hydroxy-3-methoxyphenyl)-	2
2236	2-Propanol, 1-chloro-, phosphate (3:1)	2
567	2(3H)-Furanone, 5-acetyldihydro-	2
1094	2-Methoxy-4-vinylphenol	2
2056	Celestolide	2
2085	1-(2,4-Dihydroxybenzoyl)-3-ethyl-5-trifluoromethyl-5-hydroxy-2-pyrazoline	0
1842	Benzoic acid, 2-methylpropyl ester	2
652	Acetic acid, phenylmethyl ester	2
1651	Nonanedioic acid, dimethyl ester	0
2712	2-Propen-1-one, 1,3-diphenyl-, (E)-	2
968	2-Piperidinone, N-[4-bromo-n-butyl]-	0
242	Benzyl chloride	0
1430	2,5-Hexanedione, 3,4-dimethyl-	0
3247	2-Isopropyl-10-methylphenanthrene	2
3144	Indeno[2,1-b]chromene,	2
244	2H-Benzo[f]oxireno[2,3-E]benzofuran-8(9H)-one, 9-[(hexahydro-1H-azepin-1-yl)methyl]octahydro-2,5a-dimethyl-	0
724	Ethanone, 1-(4-methylphenyl)-	2
3895	11H-Benzo[a]carbazole	2
3721	Phenol, 2,4-bis(1-phenylethyl)-	2
4707	Benzo[ghi]perylene	2
2449	3-Benzyloxy-4-ethoxyphenylacetonitrile	0
2425	Benzene, 1-(1,1-dimethylethyl)-3,5-dimethyl-2,4,6-trinitro-	2
3823	Phosphoric acid, (1-methylethyl)phenyl diphenyl ester	2
2902	Phenanthrene, 2,3-dimethyl-	2
3555	Triphenyl phosphate	2
4087	Benzo[b]naphtho[2,3-d]thiophene, 6,8-dimethyl-	0
2800	Oxybenzone	2
1040	3-Methyldec-3-ene	0
970	Benzoic acid, 4-methyl-	2
2954	Phenanthrene, 1,7-dimethyl-	2
1495	Salicylamide	2
519	(Z)-Dec-4-enyl (E)-2-methylbut-2-enoate	0
1924	Phenol, 4-(1,1-dimethylpropyl)-	0
4040	3-Phenoxybenzhydrazide	0
3041	Phenaleno[1,9-bc]thiophene	2
645	Succinic anhydride	0
764	Catechol	2
1574	Tetrahydrofuran-2-one, 3-[2-pentenyl]-4-methyl-	0
2280	Phenol, 2-(1-phenylethyl)-	2
1976	p-Xylylene dithiocyanate	0
3337	(3-Methylphenyl) methanol, 1-methylpropyl ether	0
1640	1,2,3,4,5-Cyclopentanepentol	0
2117	Phenol, 2,5-bis(1-methylethyl)-	0
3581	Phosphoric acid, isodecyl diphenyl ester	2
920	Propanoic acid, dimethyl(ethenyl)silyl ester	0
952	5-(3-Ethoxy-4,5-dihydro-isoxazol-5-yl)-5-methyl-imidazolidine-2,4-dione	0
4086	7-Phenylisoquinoline	0
3595	2-[p-Chlorostyryl]-4-[4-[diethylamino]-1-methylbutyl]amino-6-methoxyquinoline	0
498	1-Hexene, 3,4,5-trimethyl-	0
669	N(N'-Methyl-N'-nitroso(aminomethyl))benzamide	0
3633	Phenanthro[4,3-b]thiophene	2
1263	N-[2-Hydroxyethyl]succinimide	0
432	2-Pyrrolidinone	2
2556	1,4-Diphenyl-1-pentanone	0
1111	2,5-Dimethyl-3-hexanol acetate	0
2165	Tri(2-chloroethyl) phosphate	2
545	3-Ureidopropionic acid, N-dimethylaminomethylene-, butyl ester	0
3082	2-Propenoic acid, 3-(4-methoxyphenyl)-, 2-ethylhexyl ester	2
3801	Cyclopenta(cd)pyrene, 3,4-dihydro-	0
2166	Benzo[h]cinnoline	2
2835	1,1'-Biphenyl, 2,2'-dimethyl-6,6'-dinitro-	0
2401	Dodecane, 1-chloro-	0
1659	Benzene, (1-azido-1-methylethyl)-	0
1431	L-Leucine, N-glycyl-	0
3586	Benzo[b]naphtho[2,3-d]thiophene	2
1770	Heptane, 2,3-dimethyl-	0
1413	2-(2-Diethylamino-ethoxy)-fluoren-9-one	0
1896	Cinnamaldehyde, à-pentyl-	2
2557	2-Cyclohexylpiperidine	0
1985	5H-[1]Benzopyrano[3,4-b]pyridin-5-one, 9-amino-1,2,3,4-tetrahydro-	0
2905	Phenol, 2-[(4-hydroxyphenyl)methyl]-	2
3108	cis-Nonachlor	2
936	Vinyl caprylate	0
2385	3,4'-Diisopropylbiphenyl	2
653	1,3-Cyclopentadiene, 1,2,5,5-tetramethyl-	0
2071	1H-Indene, 2,3-dihydro-1,1,3-trimethyl-3-phenyl-	2
1933	Benzoic acid, 2,4-dihydroxy-6-methyl-, methyl ester	2
816	Phenol, 4-(1-methylethyl)-	2
3162	1-Phenanthrenecarboxylic acid, 1,2,3,4,4a,9,10,10a-octahydro-1,4a-dimethyl-, methyl ester, [1S-(1à,4aà,10aá)]-	0
1153	Methyl-3-(2,2-dichlorovinyl)-2,2-dimethyl-(1-cyclopropane)carboxylate,c&t	2
2390	Isophthalic acid, ethyl 2-methylprop-2-en-1-yl ester	0
1065	2-t-Butyl-cyclopropanecarboxylic acid, 2,6-di-t-butyl-4-methyl-phenyl ester	0
1809	3-Methyl-3H-benzothiazol-2-one	2
1848	Benzothiazole, 2-(methylthio)-	2
4238	Benzo(a)pyrene-4,5-dione	0
1308	Benzyl alcohol, 3-ethylamino-	0
725	Benzaldehyde, oxime	2
1337	2,3-Dimethylhydroquinone	0
1873	Phosphoric acid, dibutyl 1,1-dimethyl-2,2,3,3-tetrafluoropropyl ester	0
1156	Perfluorooctane	0
1273	1,3,4-Trimethyl-5-ethoxypyrazole	0
1082	cis-1,2-Dihydrocatechol	0
2190	Trichloroacetic acid, 1-adamantylmethyl ester	0
3019	cis-Chlordane	2
1700	1,3-Diazine	0
3901	Phthalic acid, monoamide, N,N'-diethyl-N,N'-diphenyl-	0
4157	1-Decanol, 10-[(tetrahydro-2H-pyran-2-yl)oxy]-	0
1656	2(3H)-Furanone, dihydro-5-phenyl-	2
3423	Phenanthrene, 3,4,5,6-tetramethyl-	2
773	Cyclobutanone, 2-methyl-4-hydroxy-	0
914	Hexanoic acid, 4-hexadecyl ester	0
3227	Tributyl acetylcitrate	2
2667	1,7-Dimethyldibenzothiophene	2
1737	7-Methoxymethyl-2,7-dimethylcyclohepta-1,3,5-triene	0
4474	Perylene, 3-methyl-	2
860	9-Oxabicyclo[3.3.1]nonan-2-ol, 6-[(tetrahydropyran-3-yl)oxy]-	0
527	2-Hexanone, 6-bromo-	0
3434	1-Propanol, 2,3-dichloro-, phosphate (3:1)	2
1126	2(3H)-Benzofuranone, 3-methyl-	2
821	1,2-Ethanediol, 1-(2-furanyl)-	0
1886	Clonitazene	0
1341	Coumarin, 3-bromo-7-ethylamino-4,6-dimethyl-	0
3332	4-(Tetrahydro-1H-pyrrol-1-ylsulfonyl)aniline	0
1735	1-Octanone, 1-phenyl-	0
4292	Dimantine	0
3536	Piperonyl butoxide	2
1654	4-Methoxymethoxy-4-methyl-hex-2-yn-1-ol	0
3729	2,3,4,5-Tetrafluorobenzyl alcohol, isopropyl ether	0
1647	Dibenzofuran	0
1307	Benzeneacetamide	2
213	Oxazolidine, 2-ethyl-4,4-dimethyl-	0
1314	2-Carbomethoxy-8-methyl-8-azabicyclo[3.2.1]oct-2-ene	2
397	p-Cresol	2
1088	4a(2H)-Naphthalenol, 2-bromo-4,4-dichlorooctahydro-	0
986	Hydroquinone	2
2489	4-Methylnaphtho[1,2-b]thiophene	2
1636	o-Hydroxybiphenyl	2
706	1,3-Butanediamine	0
1491	1-Acetoxy-p-menth-3-one	0
297	1-Propanol, 2,2'-oxybis-	2
1197	o-Isopropylphenetole	2
2695	Chlorpyrifos	2
1093	2,3,6-Trimethylacetophenone	2
642	3-Pyridinol, 6-methyl-	0
3864	Naphtho[2,1,8,7-klmn]xanthene	2
2424	Tonalid	2
1626	1-Naphthalenol	2
1798	Furan, 4-methyl-2-propyl-	0
80	3-Hexene, 2,2-dimethyl-	0
909	Benzoylformic acid	2
2239	Benzenemethanol, 3-phenoxy-	2
4573	Carinol	0
3561	26-Deoxy-26-ethylaminodihydroneotigogenin	0
1641	Furan, 3-phenyl-	2
3297	Padimate O	2
2039	Acetaminophen	2
3103	1-Dimethyl(3-chloropropyl)silyloxypropane	0
674	(2,2-Dimethylcyclobutyl)methylamine	0
4105	3-Pyridinecarbonitrile, 1,4-dihydro-1-methyl-	0
3085	1,4-Ethenoanthracene, 1,4-dihydro-	2
516	4(1H)-Pyrimidinone, 2-methyl-	0
2696	Naphtho[2,3-b]thiophene, 4,9-dimethyl-	2
3217	3-Ethoxy-5-propoxymethyl-4,5-dihydroisoxazole	0
3062	Tonalid	2
3191	Propanal, 2-methyl-, ethylhydrazone	0
1526	2H-Indol-2-one, 1,3-dihydro-	2
601	2,3-Dimethyl-3-pyrazolin-5-one	0
608	1,2-Dioxolan-3-one, 5-methyl-4-methylene-	0
2263	Phenanthrene	2
3530	Pyrene, 1,3-dimethyl-	2
1437	2-Propenoic acid, 3-(2-hydroxyphenyl)-, (E)-	2
1206	3-Buten-2-one, 4-phenyl-, (E)-	2
1847	Propylparaben	2
3732	1,3,4-Oxadiazole-2(3H)-thione, 5-(2-bromophenyl)-3-benzyl(methyl)aminomethyl-	0
3973	Benz(a)anthracene-7,12-dione	2
1633	4-(Phenylmethyl)benzeneethanamine	0
3722	Benz[a]anthracene	2
1463	8-Benzoyloctanoic acid	0
3838	Carbonic acid, octyl phenyl ester	0
4599	à-Tocopheryl acetate	2
467	Phenol, 2-methoxy-	2
3746	Benz[a]anthracene	2
1539	1H-Pyrrole-2-carboxaldehyde, 5-methyl-	0
129	Furan, 2-pentyl-	2
802	3-Acetoxydodecane	0
3832	Dibromophenyl ether	2
1841	2-(4-(But-2-yl)phenyl)propanoic acid	2
3116	Benzo[kl]xanthene	2
2475	Theobromine	2
1260	Norfenefrine	0
331	Benzeneacetaldehyde	2
575	Diallyl carbonate	0
4017	9-Oximino-2,7-diethoxyfluorene	0
1709	á-d-Lyxofuranoside, O-nonyl-	0
393	6-Amino-hex-2-en-1-ol	0
1516	Ethanone, 1-[4-(1-hydroxy-1-methylethyl)phenyl]-	0
277	2-Cyclopenten-1-one, 2-hydroxy-3-methyl-	2
3006	Triclosan	2
3967	Benzene, 1,1'-(1,4-dimethyl-1-butene-1,4-diyl)bis-	0
1576	Cyclohexanone, 2-octyl-	0
1586	Indene-1,7(4H)-dione, 3a,7a-dihydro-5-methyl-	0
2077	Phenol, 2-(1-phenylethyl)-	2
1941	Allyl levulinate	0
1186	2-Cyclohexylpiperidine	0
1893	1-Nonanol, 2,2,3,3,4,4,5,5,6,6,7,7,8,8,9,9,9-heptadecafluoro-	0
2558	Phenanthrene, 1-methyl-	2
1068	5-Acetoxymethyl-2-furaldehyde	0
4494	Hydroxyclomipramine	0
2554	Propanamide, N-hexyl-	0
3009	Pyrene	2
979	Formic acid, 1-phenylpropyl ester	0
298	2-Acetyl-5-methylfuran	2
4147	1,3-Propanediamine, N'-(4-chlorophenyl)-N,N,2-trimethyl-	0
1216	2-Methylpiperidine	0
1021	1H-Inden-1-one, 2,3-dihydro-	2
1275	Chloroxylenol	0
1272	2-Propenoic acid, 3-phenyl-, methyl ester	2
739	2H-Pyran-2-one, 6-ethyltetrahydro-	0
1391	Phenol, 2,6-bis(1,1-dimethylethyl)-	2
1406	N-(3,4-Dichlorophenyl)-3-[(4-hydroxybenzoyl)hydrazono]butyramide	0
335	4-t-Butylurazole	0
1134	Triacetin	2
568	Succinimide	2
2704	3,7-Dimethyldibenzothiophene	2
1660	Ethanone, 1-(3-amino-4-methoxyphenyl)-	0
2571	Pyrrolo[1,2-a]pyrazine-1,4-dione, hexahydro-3-(2-methylpropyl)-	0
743	Phenol, 2-(1-methylethyl)-	2
787	Ethane, 1,1'-oxybis[2-methoxy-	0
3456	Methyl dehydroabietate	2
2152	2,2-diphenylpropionic acid, 2,2,2-trifluoroethyl ester	0
1405	1-Propanol, 2,2-dimethyl-, benzoate	2
477	1H,1H,2H,2H-Perfluorodecan-1-ol	0
3770	Diisooctyl phthalate	0
3894	4-Hydroxy-1-indanone	0
3177	Benzene, 1,1'-sulfonylbis(4-methyl-)	2
3916	Benzoic acid, undecyl ester	0
3919	7-Oxodehydroabietic acid, methyl ester	2
3322	2H-Phenanthro[9,10-b]pyran	0
2450	Dibenzothiophene, 3-methyl-	2
910	1,4-Butanediol, 2,3-bis(methylene)-	0
2341	2,4-Diphenyl-4-methyl-2(E)-pentene	2
2646	3H-Isobenzofuran-1-one, 6,7-dimethoxy-3-p-tolylamino-	0
1783	Methanamine, 1-(dicyclohexylphosphino)-N,N-dimethyl-	0
2047	p-Hydroxybiphenyl	2
3256	Fluoranthene, 2-methyl-	2
1550	Benzoic acid, p-tert-butyl-	2
2634	3H-Imidazo(4,5-f)quinoline, 3-methyl-	0
3272	N1-Isopropyl-2-methyl-1,2-propanediamine	0
2944	Thiabendazole	2
1069	Thiophene, 3-nitro-2-(2-thienylsulfonyl)-	0
3240	Benzene, 1,3-dimethoxy-5-[(1E)-2-phenylethenyl]-	2
3924	Benzenemethanol, 2-hydroxy-5-methyl-	0
2728	1(2H)-Naphthalenone, 3,4-dihydro-4-phenyl-	2
923	Cyclohexanone, 2-(1-methylethylidene)-	0
3230	Benzoic acid, 4-(methylamino)-	0
4142	à-[2-Piperidyl]-2,6-di-[p-trifluoromethylphenyl]-4-pyridinemethanol	0
809	Neodecanoic acid	0
1448	Phthalic acid, methyl 2-methylphenyl ester	0
1189	Pyridine, 2-(1-methyl-2-pyrrolidinyl)-	2
3806	Propanamide, N-hexyl-	0
1080	4a(2H)-Naphthalenol, octahydro-4,8a-dimethyl-,(4à,4aà,8aá)-	0
3620	Benz[c]acridine	2
976	Bendiocarb	0
2943	Pyrene	2
684	Benzeneacetic acid, methyl ester	2
2881	Phenanthrene, 2,5-dimethyl-	2
2046	Benzoic acid, 2,4-dihydroxy-3,6-dimethyl-, methyl ester	2
2706	9,10-Anthracenedione	2
1853	1H-Pyrrolo[3,4-c]pyridine-1,3,4(2H,5H)-trione, 6-methyl-	0
1789	Cycloheptane, 1-chloro-3-iodo-	0
357	2,5-Dimethyl-4-hydroxy-3(2H)-furanone	2
1148	Carbamic acid, phenyl-, methyl ester	2
595	Cyclohexanone, 2-acetyl-	0
548	Cyclobutanecarboxylic acid, cyclobutyl ester	0
2143	Benzene, 1,1'-butylidenebis-	0
1279	Perfluorooctane	0
916	1-Ethoxypropan-2-yl acetate	0
747	1-Heptene, 3-methyl-	0
3018	Fumaric acid, dicyclohexyl ester	2
3061	Ethanol, 2-[2-[4-(1,1,3,3-tetramethylbutyl)phenoxy]ethoxy]-	2
459	1-Butanamine, N-ethyl-	0
1276	1,6-Anhydro-3,4-dideoxy-á-D-gluco-hexopyranose	0
1416	Non-7-ynamide	0
2101	1,3-Cyclopentadiene, 1-(4-bromobutyl)-5,5-dimethyl-	0
1136	2,4-Imidazolidinedione, 5-methyl-	2
3210	4H-Benzo[def]carbazole	2
234	3-Ethenyl-3-methylcyclopentanone	0
2060	2(1H)-Naphthalenone, 3,4-dihydro-	2
721	1H,1H,2H,2H-Perfluorodecan-1-ol	0
1243	Ethanone, 1-(2,5-dimethylphenyl)-	0
885	Cyclohexanecarboxylic acid, 4-methylpentyl ester	0
3232	3H-Cycloocta[c]pyran-3-one, 5,6,7,8,9,10-hexahydro-4-isopropyl-1-phenyl-	0
4771	1,8-Diazacyclotetradecane-2,9-dione	0
4445	2,3,6-Trichlorobenzoyl chloride	0
898	Butanal, propylhydrazone	0
1815	Tetrahydrofuran-2-one, 5-[1-hydroxyhexyl]-	0
3466	Benzoimidazol-2-one, 1-adamantan-1-yl-1,3-dihydro-	0
3882	Acetic acid, 3-ethoxy-4,5-dihydroisoxazol-5-ylmethyl ester	0
2161	Naphthalene, 6,7-diethyl-1,2,3,4-tetrahydro-1,1,4,4-tetramethyl-	0
1396	Myristoleic acid	0
4022	Phenol, 2-(5-chloro-2H-benzotriazol-2-yl)-4,6-bis(1,1-dimethylethyl)-	2
3992	Benzenesulfonyl chloride, 2,4,6-tris(1-methylethyl)-	0
1524	Pyridine, 3-phenyl-	0
3194	Dibenzo[b,d]thiophene, 1,3,6,7-tetramethyl-	0
3172	9-Anthracenecarbonitrile	2
2545	Anthracene, 1-methyl-	2
3962	2H-Pyran, tetrahydro-2-(12-pentadecynyloxy)-	0
1301	Perfluoro-1,3-dimethylcyclohexane	0
553	Sydnone, 3,4-dimethyl-	0
3861	Benzeneethanamine, 2-fluoro-á,3,4-trihydroxy-N-isopropyl-	0
571	2-Isobutyl-3-methylpyrazine	0
2520	Clorophene	2
2736	5á-Podocarpa-8,11,13-trien-16-oic acid, methyl ester	0
1494	o-Cyanobenzoic acid	2
1155	Benzamide	0
3512	Ethanol, 2-butoxy-, phosphate (3:1)	2
925	3-Methoxy-2,2-dimethyloxirane	0
1408	3-Pyridinecarboxamide, N-methyl-	2
1048	Glucopyranuronamide, 1-(4-amino-2-oxo-1(2H)-pyrimidinyl)-1,4-dideoxy-4-(D-2-(2-(methylamino)acetamido)hydracrylamido)-, á-D-	0
2022	Benzaldehyde, 3-phenoxy-	2
2833	Pentaethylene glycol	0
489	1H-Imidazole, 4-methyl-	0
1824	1,3,5-Triazine-2,4,6-triamine	2
717	Cyclobutanecarboxylic acid, 2-pentadecyl ester	0
4153	Octabenzone	2
3651	Benzamide, N-propyl-	0
465	Allyl 2-ethyl butyrate	0
1465	4-n-Butylbenzoic acid, 2-ethylcyclohexyl ester	0
4418	Dimantine	0
1720	Benzene, 1-ethyl-4-(2-methylpropyl)-	0
2655	Phenylethyl salicylate	2
3954	Benz[a]anthracene, 12-methyl-	2
2685	Musk ketone	2
1753	Hexane, 2-bromo-	0
4237	Benzo[k]fluoranthene	2
1348	1,1'-(1,1'-Cyclopropylidenediethylidene)disemicarbazide	0
1519	Cyclopentanone, 3,4-bis(methylene)-	0
1965	1-Nitro-á-d-arabinofuranose, tetraacetate	0
1099	5-[2-(1,3-Dioxolan-2-yl)-ethyl]-2-methyl-1-cyclopentene-1-carboxaldehyde	0
962	Butanoic acid, 2-ethyl-2,3,3-trimethyl-	0
1313	Methyl-3-(2,2-dichlorovinyl)-2,2-dimethyl-(1-cyclopropane)carboxylate,c&t	0
3368	1,8-Diazacyclotetradecane-2,9-dione	2
2528	Cyclopenta[g]-2-benzopyran, 1,3,4,6,7,8-hexahydro-4,6,6,7,8,8-hexamethyl-	2
1669	Ethanone, 1-(3-methyloxiranyl)-	0
3248	Allococaine	2
3378	Pyrene, 4-methyl-	2
1552	N-Ethyl-1-phenyl-3-butanamine	0
2084	Phenol, 4-(1,1-dimethylpropyl)-	0
1222	Tricyclo[4.3.1.1(3,8)]undecan-3-ol	0
2185	1-Butanone, 1-(2,4,6-trihydroxy-3-methylphenyl)-	2
754	p-Chlorophenyl (2-methoxyethyl)carbamate	0
1208	1(3H)-Isobenzofuranone	2
2942	4'-Ethyl-4-biphenylcarboxylic acid	0
3537	1(3H)-Isobenzofuranone, 5,6-dimethoxy-7-nitro-	0
1443	Dodecyltrimethylammonium chloride	0
2407	Caffeine	2
2396	Ethanol, 2-[4-(1,1-dimethylpropyl)phenoxy]-	0
1723	Cyclopropane, 1-acetyl-2-(2,2,2-trichloroethyl)-	0
1694	2-Furanone, 4-phenyltetrahydro	2
965	1,2-Benzenediol, 3-methyl-	0
1060	5H-1-Pyrindine	2
671	Benzoic acid	2
3385	2-Propenoic acid, 3-(4-methoxyphenyl)-, 2-ethylhexyl ester	2
3691	5-n-Propylhydantoin	0
3676	Diethylene glycol dibenzoate	2
2043	1,3-Cyclohexadiene-1-carboxylic acid, 2,6,6-trimethyl-, ethyl ester	0
400	3,3,3-Trifluoro-N-(4-fluorophenyl)-2-(trifluoromethyl)propionamide	0
1609	Pyrido[2,3-d]pyridazine-5(6H)-thione	0
1513	Indole, 3-methyl-2-(2-dimethylaminopropyl)-	0
1020	Phenol, p-tert-butyl-	2
1916	2,5-Dimethoxythiophenol	0
1882	Cyclohexanone, 4-(1,1-dimethylpropyl)-	0
2131	7-Acetyl-2-hydroxy-2-methyl-5-isopropylbicyclo[4.3.0]nonane	0
1501	2,2,2-Trichloro-1-(4-ethoxyphenyl)ethyl n-butylcarbamate	0
2051	1,1'-Biphenyl, 2,2'-diethyl-	2
1429	Phenol, 4-(2-methylpropyl)-	0
1757	Benzoic acid, 2-hydroxy-, 2-methylbutyl ester	2
2235	Diazinone	2
412	4-Aminopyrimidine	2
969	n-Decanoic acid	0
562	n-Decanoic acid	0
897	Cyclohexanone, 2-(1-methylethylidene)-	2
890	4-Oxononanal	0
2461	2-Penten-1-amine, N,N,2-trimethyl-, (E)-	0
2831	Fumaric acid, dicyclohexyl ester	0
1372	Pyridine, 3-(3,4-dihydro-2H-pyrrol-5-yl)-	2
1620	1,3-Benzodioxol-5-amine	0
2448	Benzocyclododecene, 2,3-diethyl-4a,5,6,7,8,9,10,11,12,13-decahydro-	0
2319	Indole-5-aldehyde	2
3090	Chlordane	2
1312	Benzene, 2-isocyanato-1,3-bis(1-methylethyl)-	2
1296	1,4-Benzenediol, 2-methoxy-	0
2153	Swep	2
3411	3,3,5,5-Tetramethylcyclopentene	0
1114	Phenol, 2-(2-methylpropyl)-	2
2446	6-Chloro-4-methyl-2-oxo-2H-chromen-7-yl N,N-dimethylcarbamate	0
2758	N-(2-Ethylhexyl)-5-norbornene-2,3-dicarboximide	2
4011	1,1'-Biphenyl, 2-formyl-4',5',6'-trimethoxy-	0
1632	1,8(2H,5H)-Naphthalenedione, hexahydro-8a-methyl-, cis-	0
1880	Benzenesulfonamide, 2-methyl-	2
1646	Nonanoic acid, pentafluorophenyl ester	0
1510	4-Methylphthalaldehyde	0
1027	4-tert-Butylcyclohexyl acetate	2
3587	6H-Benz[de]anthracen-6-one	2
3875	(2,3-Diphenylcyclopropyl)methyl phenyl sulfoxide, trans-	2
3698	Acetamide, N-hexyl-	0
3667	13-Isopropylpodocarpen-12-ol-20-al	0
2697	Naphthalene, 2-phenyl-	2
2904	Cyclopenta(def)phenanthrenone	2
291	2-Cyclopenten-1-one, 3-methoxy-4-methyl-	0
543	2-Cyclopenten-1-one, 3-ethyl-2-hydroxy-	2
1748	5-Nitro-3-cyano-2(1H)-pyridone	0
3000	Naphtho(2,1,8-def)quinoline	2
1315	5-Ethylhydantoin	0
2588	Acridine, 9,10-dihydro-9,9-dimethyl-	2
3596	Benzoyl chloride, 4-pentyl-	0
1768	Bicyclo[4.3.0]nonan-2-one, 8-isopropylidene-	0
4256	5H-Indeno[1,2-b]pyridin-5-ol, 5-allyl-4-amino-	0
2059	Benzene, 1,1'-butylidenebis-	2
1457	Sucrose	0
541	Ethanone, 1-cyclopropyl-	0
3109	Phenanthrene, 2,3,5-trimethyl-	2
723	2-Cyclohexen-1-one, 4-ethyl-4-methyl-	0
2953	4H-Benz[de]anthracene, 5,6-dihydro-	2
3810	2-Phenylbutyryl chloride	0
1081	3,4-Dimethylbenzyl isothiocyanate	0
1190	Cyclopentaneethanol, 2-(hydroxymethyl)-á,3-dimethyl-	0
2091	Ethanone, 1-(4-hydroxy-3,5-dimethoxyphenyl)-	2
753	Methyl salicylate	2
3036	Benzene, 1,1'-cyclohexylidenebis-	2
602	Heptanoic acid, 2-methylbutyl ester	0
4089	1,2-Benzenedicarboxylic acid, mono(2-ethylhexyl) ester	0
3186	Phthalic acid, 2-methylpent-3-yl octadecyl ester	0
3039	9,10-Anthracenedione, 2-methyl-	2
177	2-Propen-1-ol	0
1237	6-Oxa-bicyclo[3.1.0]hexan-3-ol	0
1573	1,3-Benzenedicarboxylic acid, dimethyl ester	2
3910	Benzene, 1,1'-(1,4-dimethyl-1-butene-1,4-diyl)bis-	0
3102	Benzeneacetaldehyde, à,à-diphenyl-	0
3390	7H-Benzo[c]fluorene	2
3854	Benzo(b)carbazole	2
2516	Bayer 28,589	2
590	Dithiocarbamate, S-methyl-,N-(2-methyl-3-oxobutyl)-	0
734	3-Trifluoroacetoxypentadecane	0
588	Nonanal, 3-(methylthio)-	0
1102	Sorbic Acid	0
3176	Androst-5-en-17-one, 3-(acetyloxy)-19-hydroxy-, (3á)-	0
667	3-[N'-(3H-Indol-3-ylmethylene)-hydrazino]-5-methyl-[1,2,4]triazol-4-ylamine	0
539	Butyl-tert-butyl-isopropoxyborane	0
429	3-Methyl-1-nitrobut-2-ene	0
3909	Cannabinol	2
1850	Benzene, (1-butylnonyl)-	2
3771	Bis(2-ethylhexyl) phthalate	0
3959	Benzoic acid, 4-(4-ethylcyclohexyl)-, 4-butoxy-2,3-dicyanophenyl ester	0
3341	Tert-octyldiphenylamine	2
1860	4,7-Dimethoxyindan-1-one	0
4075	1,3,4-Oxadiazole-2(3H)-thione, 5-(2-bromophenyl)-3-benzyl(methyl)aminomethyl-	0
1758	Nonanedioic acid, monomethyl ester	2
3577	4-Chlorobutyric acid, pentadecyl ester	0
1485	Biphenylene	2
1347	Ethyl trans-2-pentenoate	0
1288	Hydrocoumarin	2
3077	Pyrene	2
3163	Phenanthrene, 2,3,5-trimethyl-	2
1861	Diphenylamine	2
2774	1-Phenanthrenecarboxaldehyde, 1,2,3,4,4a,9,10,10a-octahydro-1,4a-dimethyl-7-(1-methylethyl)-, [1S-(1à,4aà,10aá)]-	0
503	2-Cyclohexen-1-one, 4,5-dimethyl-	0
3134	à-d-Galactopyranoside, methyl 2-(acetylmethylamino)-2-deoxy-3,4-di-O-methyl-, 6-acetate	0
1638	Lilial	2
3735	Benzo(c)carbazole	2
881	Butanoic acid, 2-ethyl-2,3,3-trimethyl-	0
3715	Naphtho(2,1-f)quinoline	2
2271	2-Propanol, 1-chloro-, phosphate (3:1)	2
1897	Triethyl citrate	2
1891	Decanoic acid, octyl ester	0
512	4-Pyridinol	0
1351	Ethanamine, N,N-dimethyl-2-[(trimethylsilyl)oxy]-	0
1254	1,6-Anhydro-2,3-dideoxy-á-D-threo-hexopyranose	0
762	Pyrazine	0
2201	Naphtho[2,1-b]thiophene	2
3730	Benzene, (1-azido-1-methylethyl)-	0
4108	Cannabinol, O-trimethylsilyl-	0
875	Benzothiazole	2
610	3-Methoxymethoxy-2-methyl-non-1-ene	0
4001	Piperonyl butoxide	0
3398	Acridin-9-amine, 1,2,3,4-tetrahydro-5,8-dimethyl-	0
971	3-Cyclopenten-1-one, 2,2,5,5-tetramethyl-	0
3324	Pyrene, 2-methyl-	2
3124	Cyclopropylphenylmethane	0
1083	Propanoic acid, 3-chloro-, 4-formylphenyl ester	0
2423	Acetamide, N-hexyl-	0
3834	6H-Benz[de]anthracen-6-one	2
3128	Phenanthrene, 2,3,5-trimethyl-	2
1843	8,11-Dimethyl-2,9,10-trioxa-6-azonia-1-boratatricyclo[4.3.3.0(1,6)]dodecane	0
2176	3,5-di-tert-Butyl-4-hydroxybenzaldehyde	2
1953	n-Hexyl salicylate	2
1923	1,3-Cyclopentadiene, 2-(4-bromobutyl)-5,5-dimethyl-	0
3386	3H-2-Benzopyran-3-one, octahydro-	0
309	N-(N-Glycylglycyl)glycine	0
2711	Ethanol, 2-[4-(1,1-dimethylpropyl)phenoxy]-	2
2057	m-Anisic acid, 4-cyanophenyl ester	2
483	Cyclohexanone, 2-isopropyl-2,5-dimethyl-	0
612	2-Oxepanone	2
3075	Indeno[2,1-b]chromene,	2
3330	7-Isopropyl-1,1,4a-trimethyl-1,2,3,4,4a,9,10,10a-octahydrophenanthrene	0
1872	Benzene, (1-propyloctyl)-	2
924	5-Vinyl-pyrazole	0
1525	1(3H)-Isobenzofuranone, 5-methyl-	2
1999	Benzestrol	0
1342	3-Isopropoxy-benzoic acid	0
1289	2-Dodecanol	0
2724	1H-Naphtho[2,1-b]pyran, 3-ethenyldodecahydro-3,4a,7,7,10a-pentamethyl-, [3R-(3à,4aá,6aà,10aá,10bà)]-	0
1775	Benzamide, N,N-diethyl-4-methyl-	2
930	2(3H)-Benzofuranone, 3-methyl-	0
2503	3,4'-Diisopropylbiphenyl	2
197	2-Furanone, 2,5-dihydro-3,5-dimethyl	2
3143	Phenanthrene, 2,3,5-trimethyl-	2
858	Benzenemethanol, 4-ethyl-	2
1883	2-Carbomethoxyphenyl isocyanate	0
1176	Phenol, 2,6-dimethoxy-	2
1035	Isosorbide	2
2095	Benzamide, N-propyl-	2
2855	1-(p-Cumenyl)adamantane	0
2146	Phthalic acid, methyl neopentyl ester	0
2729	Phenol, 2-[(4-hydroxyphenyl)methyl]-	2
