#peak_num	name	molecular_ion
22	Hexane, 2,3,4-trimethyl-	128
26	3,4,5,6-Tetrahydrophthalic anhydride	152
35	2-Butanone, 3,3-dimethyl-	100
44	5-Hexen-2-one, 5-methyl-	112
53	Benzene, 1-ethyl-2-methyl-	120
59	Hexanoic acid	116
80	3-Hexene, 2,2-dimethyl-	112
83	3-Amino-2-oxazolidinone	102
115	Phenol	94
126	2(5H)-Furanone, 3-methyl-	98
129	Furan, 2-pentyl-	138
140	1-Hexene, 1-butoxy-2-ethyl-	184
177	2-Propen-1-ol	58
181	1H,1H,2H,2H-Perfluorodecan-1-ol	464
188	3-Pentanol, 2-methyl-	144
197	2-Furanone, 2,5-dihydro-3,5-dimethyl	112
208	1,5-Diazocine, octahydro-1,5-dinitroso-	172
213	Oxazolidine, 2-ethyl-4,4-dimethyl-	129
234	3-Ethenyl-3-methylcyclopentanone	124
242	Benzyl chloride	126
244	2H-Benzo[f]oxireno[2,3-E]benzofuran-8(9H)-one, 9-[(hexahydro-1H-azepin-1-yl)methyl]octahydro-2,5a-dimethyl-	347
252	4(H)-Pyridine, N-acetyl-	123
262	Acethydrazide, N2-(1,2-dimethylpropylideno)-	128
265	Glycerin	92
277	2-Cyclopenten-1-one, 2-hydroxy-3-methyl-	112
291	2-Cyclopenten-1-one, 3-methoxy-4-methyl-	126
297	1-Propanol, 2,2'-oxybis-	134
298	2-Acetyl-5-methylfuran	124
308	Allyl n-octyl ether	170
309	N-(N-Glycylglycyl)glycine	189
313	1-Propanol, 2,2'-oxybis-	134
319	2(3H)-Furanone, 5-ethenyldihydro-5-methyl-	126
322	2,2-Dimethyl-3-heptanone	142
331	Benzeneacetaldehyde	120
335	4-t-Butylurazole	157
341	2-Pyrrolidinone, 1-methyl-	99
348	Benzene, 1-ethynyl-4-methyl-	116
357	2,5-Dimethyl-4-hydroxy-3(2H)-furanone	128
360	6,7-Dodecanedione	198
362	2-Cyclopenten-1-one, 3-ethyl-2-hydroxy-	126
374	3-Acetyl-1H-pyrroline	109
375	3-Methyl-isoxazol-5(4H)-one	99
380	2,N-Dibenzoyl-6-hexanelactam	321
393	6-Amino-hex-2-en-1-ol	115
394	1,2-Butanediol	90
397	p-Cresol	108
400	3,3,3-Trifluoro-N-(4-fluorophenyl)-2-(trifluoromethyl)propionamide	289
411	Cyclohexane, ethyl-	112
412	4-Aminopyrimidine	95
429	3-Methyl-1-nitrobut-2-ene	115
432	2-Pyrrolidinone	85
436	1,2,4-Triazin-3-amine, 5,6-dimethyl-	124
439	2-Hexanone, 5-methyl-	114
443	4-Hexen-2-one, 3-methyl-	112
451	Furyl hydroxymethyl ketone	126
457	4-Nonenal, (E)-	140
459	1-Butanamine, N-ethyl-	101
465	Allyl 2-ethyl butyrate	156
467	Phenol, 2-methoxy-	124
469	2,5-Pyrrolidinedione, 1-methyl-	113
477	1H,1H,2H,2H-Perfluorodecan-1-ol	464
483	Cyclohexanone, 2-isopropyl-2,5-dimethyl-	168
489	1H-Imidazole, 4-methyl-	82
492	Trifluoroacetyl-di-t-butylphosphine	242
498	1-Hexene, 3,4,5-trimethyl-	126
503	2-Cyclohexen-1-one, 4,5-dimethyl-	124
505	Pyridine, 2,3,4,5-tetrahydro-	83
507	Hexanoic acid, 2-ethyl-	144
512	4-Pyridinol	95
516	4(1H)-Pyrimidinone, 2-methyl-	110
519	(Z)-Dec-4-enyl (E)-2-methylbut-2-enoate	238
522	Oxirane, tetramethyl-	100
524	Octanoic acid, methyl ester	158
527	2-Hexanone, 6-bromo-	178
528	Cyclopentanone, 2,3-dimethyl-	112
533	Phenylethyl Alcohol	122
537	Maltol	126
538	Levoglucosenone	126
539	Butyl-tert-butyl-isopropoxyborane	184
541	Ethanone, 1-cyclopropyl-	84
543	2-Cyclopenten-1-one, 3-ethyl-2-hydroxy-	126
545	3-Ureidopropionic acid, N-dimethylaminomethylene-, butyl ester	243
548	Cyclobutanecarboxylic acid, cyclobutyl ester	154
553	Sydnone, 3,4-dimethyl-	114
559	Decane, 5-methyl-	156
562	n-Decanoic acid	164
567	2(3H)-Furanone, 5-acetyldihydro-	128
568	Succinimide	99
571	2-Isobutyl-3-methylpyrazine	150
575	Diallyl carbonate	142
588	Nonanal, 3-(methylthio)-	188
590	Dithiocarbamate, S-methyl-,N-(2-methyl-3-oxobutyl)-	191
595	Cyclohexanone, 2-acetyl-	140
598	2H-Pyran, 2-(3-butynyloxy)tetrahydro-	154
600	Imidazole-2-carboxylic acid, 4-methyl-	124
601	2,3-Dimethyl-3-pyrazolin-5-one	112
602	Heptanoic acid, 2-methylbutyl ester	200
608	1,2-Dioxolan-3-one, 5-methyl-4-methylene-	114
610	3-Methoxymethoxy-2-methyl-non-1-ene	200
612	2-Oxepanone	114
616	Hexanamide	157
619	3H-Indazol-3-one, 1,2,4,5,6,7-hexahydro-	138
624	2-Nonenal, (Z)-	140
639	2,3-Di-O-benzoyl-d-ribopyranose	237
641	2-Phenylpropenal	132
642	3-Pyridinol, 6-methyl-	109
645	Succinic anhydride	100
646	2(3H)-Furanone, dihydro-4-hydroxy-	102
647	1-Nonanol	144
649	Octanoic acid	144
652	Acetic acid, phenylmethyl ester	150
653	1,3-Cyclopentadiene, 1,2,5,5-tetramethyl-	122
663	Ethanone, 1-(3-ethyloxiranyl)-	114
667	3-[N'-(3H-Indol-3-ylmethylene)-hydrazino]-5-methyl-[1,2,4]triazol-4-ylamine	255
669	N(N'-Methyl-N'-nitroso(aminomethyl))benzamide	193
671	Benzoic acid	122
674	(2,2-Dimethylcyclobutyl)methylamine	113
676	Acetic acid, 4-methyl-2-oxotetrahydropyran-4-yl ester	172
677	Oxazolidin-2-one	87
679	1,2-Benzenediol, O-isobutoxycarbonyl-	152
680	2(1H)-Pyridinone, 3,6-dimethyl-	123
682	Decane, 1-fluoro-	146
684	Benzeneacetic acid, methyl ester	150
686	Azetidine, n-propyl-	99
688	2-Oxazolidinone,4,4-dimethyl-	115
699	2-Decanone	156
700	Ethanol, 2-(2-butoxyethoxy)-	162
701	Benzaldehyde, 4-ethyl-	134
706	1,3-Butanediamine	88
717	Cyclobutanecarboxylic acid, 2-pentadecyl ester	310
719	4-Vinyl-imidazole	94
720	Glutarimide	113
721	1H,1H,2H,2H-Perfluorodecan-1-ol	464
723	2-Cyclohexen-1-one, 4-ethyl-4-methyl-	138
724	Ethanone, 1-(4-methylphenyl)-	134
725	Benzaldehyde, oxime	121
734	3-Trifluoroacetoxypentadecane	324
737	2-Methoxy-p-phenylenediamine	138
739	2H-Pyran-2-one, 6-ethyltetrahydro-	128
740	(S)-(+)-2',3'-Dideoxyribonolactone	116
743	Phenol, 2-(1-methylethyl)-	136
747	1-Heptene, 3-methyl-	112
748	2-Piperidinone	99
750	Decanal	156
753	Methyl salicylate	152
754	p-Chlorophenyl (2-methoxyethyl)carbamate	229
758	N-Glycylglycine	132
762	Pyrazine	80
764	Catechol	110
773	Cyclobutanone, 2-methyl-4-hydroxy-	100
776	2,5-Dimethylbenzyl chloride	154
778	Bicyclo[2.2.1]heptane, 2-(1,1-dimethyl-2-propenyl)-	212
787	Ethane, 1,1'-oxybis[2-methoxy-	134
791	1,4:3,6-Dianhydro-à-d-glucopyranose	144
796	Phenol, 4-ethenyl-, acetate	162
802	3-Acetoxydodecane	228
805	Dianhydromannitol	146
809	Neodecanoic acid	172
816	Phenol, 4-(1-methylethyl)-	136
818	Ethanol, 2-phenoxy-	138
821	1,2-Ethanediol, 1-(2-furanyl)-	128
822	Butyl aldoxime, 3-methyl-, syn-	101
830	1,3-Cyclopentadiene, 1-(3-butynyl)	118
836	3,4-Anhydro-d-galactosan	144
846	Triethylene glycol	150
857	3-Pyridinecarbonitrile	104
858	Benzenemethanol, 4-ethyl-	136
860	9-Oxabicyclo[3.3.1]nonan-2-ol, 6-[(tetrahydropyran-3-yl)oxy]-	242
863	2-Cyclohexylpiperidine	167
875	Benzothiazole	135
876	Ethanone, 1-(3-methyloxiranyl)-	100
881	Butanoic acid, 2-ethyl-2,3,3-trimethyl-	158
883	Benzeneacetamide, à-ethyl-	163
885	Cyclohexanecarboxylic acid, 4-methylpentyl ester	212
890	4-Oxononanal	156
892	Hexanoic acid, 4-tetradecyl ester	312
894	2-Coumaranone	134
897	Cyclohexanone, 2-(1-methylethylidene)-	138
898	Butanal, propylhydrazone	128
903	4-Fluorophenyl 2-thiophenecarboxylate	127
904	2-Hexanone, 6-(acetyloxy)-	158
909	Benzoylformic acid	150
910	1,4-Butanediol, 2,3-bis(methylene)-	114
914	Hexanoic acid, 4-hexadecyl ester	340
916	1-Ethoxypropan-2-yl acetate	146
919	Nonanoic acid	158
920	Propanoic acid, dimethyl(ethenyl)silyl ester	158
923	Cyclohexanone, 2-(1-methylethylidene)-	194
924	5-Vinyl-pyrazole	94
925	3-Methoxy-2,2-dimethyloxirane	102
927	Nonanoic acid	158
929	3-Oxo-4-phenylbutyronitrile	159
930	2(3H)-Benzofuranone, 3-methyl-	148
936	Vinyl caprylate	170
939	2H-Pyran, 2-(bromomethyl)tetrahydro-	178
942	Benzaldehyde, 3-methoxy-	136
952	5-(3-Ethoxy-4,5-dihydro-isoxazol-5-yl)-5-methyl-imidazolidine-2,4-dione	227
957	Butanoic acid, 3-methyl-, 3-phenylpropyl ester	220
962	Butanoic acid, 2-ethyl-2,3,3-trimethyl-	158
965	1,2-Benzenediol, 3-methyl-	124
966	Caprolactam	113
967	N,N-Diamylmethylamine	171
968	2-Piperidinone, N-[4-bromo-n-butyl]-	233
969	n-Decanoic acid	172
970	Benzoic acid, 4-methyl-	136
971	3-Cyclopenten-1-one, 2,2,5,5-tetramethyl-	138
976	Bendiocarb	223
979	Formic acid, 1-phenylpropyl ester	164
985	Benzylidenemalonaldehyde	160
986	Hydroquinone	110
993	2(3H)-Furanone, 3-acetyldihydro-3-methyl-	142
999	2-Dodecanone	184
1002	Resorcinol, 2-acetyl-	152
1007	Bicyclo[2.2.1]heptan-2-ol, 1,7,7-trimethyl-, formate, endo-	182
1011	2-Furancarboxylic acid, tetrahydro-3-methyl-5-oxo-	144
1012	3-Cyclobutene-1,2-dione, 3,4-dihydroxy-	114
1014	N-tert-Octylacrylamide	183
1016	2H-Pyran-2-one, tetrahydro-6-propyl-	142
1020	Phenol, p-tert-butyl-	150
1021	1H-Inden-1-one, 2,3-dihydro-	132
1027	4-tert-Butylcyclohexyl acetate	198
1030	1,3-Dioxolan-2-one, 4-methyl-5-methylene-4-(2-methyl-2-phenylpropyl)-	246
1033	1,2-Benzenediol, 4-[2-(methylamino)ethyl]-	167
1034	Silane, trimethyl(4-methyl-3-penten-1-ynyl)-	152
1035	Isosorbide	146
1036	Cyclopentanone	84
1039	Benzocycloheptatriene	142
1040	3-Methyldec-3-ene	154
1045	p-Isopropenylphenol	134
1047	2-Furancarboxylic acid, hydrazide	126
1048	Glucopyranuronamide, 1-(4-amino-2-oxo-1(2H)-pyrimidinyl)-1,4-dideoxy-4-(D-2-(2-(methylamino)acetamido)hydracrylamido)-, á-D-	443
1049	1-Imidazolidinemethanol, 4,4-dimethyl-2,5-dioxo-	158
1059	à-l-Mannose semicarbazone pentaacetate	213
1060	5H-1-Pyrindine	117
1061	4,5-Bis-dimethoxymethyl-octanedioic acid, dimethyl ester	350
1065	2-t-Butyl-cyclopropanecarboxylic acid, 2,6-di-t-butyl-4-methyl-phenyl ester	344
1068	5-Acetoxymethyl-2-furaldehyde	168
1069	Thiophene, 3-nitro-2-(2-thienylsulfonyl)-	275
1080	4a(2H)-Naphthalenol, octahydro-4,8a-dimethyl-,(4à,4aà,8aá)-	182
1081	3,4-Dimethylbenzyl isothiocyanate	177
1082	cis-1,2-Dihydrocatechol	112
1083	Propanoic acid, 3-chloro-, 4-formylphenyl ester	212
1088	4a(2H)-Naphthalenol, 2-bromo-4,4-dichlorooctahydro-	300
1089	Phenyl-á-D-glucoside	109
1090	4H-1,2,4-Triazol-3-amine, 4-methyl-	98
1092	2-Propanol, 1,1'-[(1-methyl-1,2-ethanediyl)bis(oxy)]bis-	192
1093	2,3,6-Trimethylacetophenone	162
1094	2-Methoxy-4-vinylphenol	150
1095	Divinyl sulfide	86
1098	2-Cyclohexen-1-one, 2-methyl-5-(1-methylethyl)-, (S)-	152
1099	5-[2-(1,3-Dioxolan-2-yl)-ethyl]-2-methyl-1-cyclopentene-1-carboxaldehyde	210
1102	Sorbic Acid	112
1111	2,5-Dimethyl-3-hexanol acetate	172
1113	Bicyclo[4.4.1]undeca-1,3,5,7,9-pentaene	142
1114	Phenol, 2-(2-methylpropyl)-	150
1119	Formic acid, neopentyl ester	116
1123	Pentanoic acid, 4-oxo-, pentyl ester	186
1125	4-tert-Butylcyclohexyl acetate	198
1126	2(3H)-Benzofuranone, 3-methyl-	148
1127	m-Ethylaminophenol	137
1132	Methyl-3-(2,2-dichlorovinyl)-2,2-dimethyl-(1-cyclopropane)carboxylate,c&t	222
1134	Triacetin	218
1136	2,4-Imidazolidinedione, 5-methyl-	114
1142	(S)-(+)-2',3'-Dideoxyribonolactone	116
1147	4,4,6-Trimethyl-cyclohex-2-en-1-ol	140
1148	Carbamic acid, phenyl-, methyl ester	151
1149	Piperonal	150
1153	Methyl-3-(2,2-dichlorovinyl)-2,2-dimethyl-(1-cyclopropane)carboxylate,c&t	222
1155	Benzamide	121
1156	Perfluorooctane	438
1159	Methyl anthranilate	151
1164	Pentafluoropropionic acid, 10-undecenyl ester	316
1165	Nonanamide	157
1174	n-Decanoic acid	172
1176	Phenol, 2,6-dimethoxy-	154
1178	Sydnone, 3-(phenylmethyl)-	176
1184	n-Decanoic acid	172
1185	1-Cyclohexanone, 3-butyl-3-methyl-	168
1186	2-Cyclohexylpiperidine	167
1189	Pyridine, 2-(1-methyl-2-pyrrolidinyl)-	162
1190	Cyclopentaneethanol, 2-(hydroxymethyl)-á,3-dimethyl-	172
1194	Hydantoin	100
1197	o-Isopropylphenetole	164
1203	Nonanoic acid, 3,5-difluophenyl ester	270
1204	6-Hydroxy-4-oxodecanedioic acid, ëlactone, methyl ester	228
1206	3-Buten-2-one, 4-phenyl-, (E)-	146
1208	1(3H)-Isobenzofuranone	134
1212	Azetidine, 1,3-dimethyl-	85
1213	2-Benzyloxyethylamine	151
1216	2-Methylpiperidine	99
1220	2-Pentenoic acid, 4-oxo-, methyl ester, (Z)-	128
1222	Tricyclo[4.3.1.1(3,8)]undecan-3-ol	166
1224	Benzaldehyde, 4-hydroxy-	122
1226	Acetic acid, 2-oxa-7-thia-tricyclo[4.3.1.0(3,8)]dec-10-yl ester	154
1227	Cyclopropane, 1-heptyl-2-methyl-	154
1231	Benzoic acid, hexyl ester	206
1237	6-Oxa-bicyclo[3.1.0]hexan-3-ol	100
1243	Ethanone, 1-(2,5-dimethylphenyl)-	148
1244	3-Tetradecene, (Z)-	196
1254	1,6-Anhydro-2,3-dideoxy-á-D-threo-hexopyranose	130
1256	Decanoic acid, ethyl ester	200
1260	Norfenefrine	153
1261	N-Ethyl-2-isopropoxycarbonylazetidine	171
1263	N-[2-Hydroxyethyl]succinimide	143
1267	1,2,3,4,5-Cyclopentanepentol	158
1272	2-Propenoic acid, 3-phenyl-, methyl ester	162
1273	1,3,4-Trimethyl-5-ethoxypyrazole	154
1274	Octanoic acid, 8-hydroxy-, methyl ester	174
1275	Chloroxylenol	156
1276	1,6-Anhydro-3,4-dideoxy-á-D-gluco-hexopyranose	130
1279	Perfluorooctane	438
1281	3-Cyano-3-methyl-4-oxopentanamide	154
1285	7-(Benzyloxy-methylene)-bicyclo[2.2.1]heptane-1-carboxylic acid, methyl ester	182
1286	2-Tridecen-1-ol, (E)-	198
1288	Hydrocoumarin	148
1289	2-Dodecanol	186
1291	2,4-Octadienoic acid, 3-methyl-, methyl ester	168
1292	Ethanone, 1-(3-hydroxyphenyl)-	136
1296	1,4-Benzenediol, 2-methoxy-	140
1301	Perfluoro-1,3-dimethylcyclohexane	400
1305	2,3-Dimethylhydroquinone	138
1306	Vanillin	152
1307	Benzeneacetamide	135
1308	Benzyl alcohol, 3-ethylamino-	151
1310	Niacinamide	122
1312	Benzene, 2-isocyanato-1,3-bis(1-methylethyl)-	203
1313	Methyl-3-(2,2-dichlorovinyl)-2,2-dimethyl-(1-cyclopropane)carboxylate,c&t	222
1314	2-Carbomethoxy-8-methyl-8-azabicyclo[3.2.1]oct-2-ene	181
1315	5-Ethylhydantoin	128
1321	5-Hydroxymethyldihydrofuran-2-one	116
1326	Piperidine, 1-(1-butenyl)-	139
1332	1,2-Ethanediamine, N,N,N'-trimethyl-	102
1337	2,3-Dimethylhydroquinone	138
1341	Coumarin, 3-bromo-7-ethylamino-4,6-dimethyl-	295
1342	3-Isopropoxy-benzoic acid	180
1347	Ethyl trans-2-pentenoate	128
1348	1,1'-(1,1'-Cyclopropylidenediethylidene)disemicarbazide	240
1349	Acetonitrile, 2-chloro-2-[dimethylamine(N-B)bis(trifluoromethyl)boryl]-	268
1351	Ethanamine, N,N-dimethyl-2-[(trimethylsilyl)oxy]-	161
1357	2,4(1H,3H)-Pyrimidinedione, dihydro-	114
1364	1,4,7,10-Tetraoxacyclododecan-2-one	190
1372	Pyridine, 3-(3,4-dihydro-2H-pyrrol-5-yl)-	146
1391	Phenol, 2,6-bis(1,1-dimethylethyl)-	206
1394	2-Propanone, 1,1-diethoxy-	146
1395	2,4,6-Trimethyl-1,6-heptadien-4-ol	154
1396	Myristoleic acid	226
1401	5,9-Undecadien-2-one, 6,10-dimethyl-, (E)-	194
1402	Undecylenic acid	184
1404	Benzene, 1-ethoxymethyl-4-tert-butyl-	192
1405	1-Propanol, 2,2-dimethyl-, benzoate	192
1406	N-(3,4-Dichlorophenyl)-3-[(4-hydroxybenzoyl)hydrazono]butyramide	379
1408	3-Pyridinecarboxamide, N-methyl-	136
1413	2-(2-Diethylamino-ethoxy)-fluoren-9-one	295
1416	Non-7-ynamide	153
1423	Undecanoic acid	186
1425	Butanal, oxime	87
1429	Phenol, 4-(2-methylpropyl)-	150
1430	2,5-Hexanedione, 3,4-dimethyl-	142
1431	L-Leucine, N-glycyl-	188
1436	3-Hydroxybenzhydrazide	152
1437	2-Propenoic acid, 3-(2-hydroxyphenyl)-, (E)-	164
1441	5-Undecene, 7-methyl-, (Z)-	168
1443	Dodecyltrimethylammonium chloride	263
1448	Phthalic acid, methyl 2-methylphenyl ester	270
1451	Dodecane, 1-chloro-	204
1452	3-Tetradecene, (Z)-	196
1457	Sucrose	342
1463	8-Benzoyloctanoic acid	248
1465	4-n-Butylbenzoic acid, 2-ethylcyclohexyl ester	288
1482	2-Pentenoic acid, 4-oxo-, methyl ester, (Z)-	128
1483	2(3H)-Furanone, 5-acetyldihydro-	128
1484	Ethyl trans-2-pentenoate	128
1485	Biphenylene	152
1491	1-Acetoxy-p-menth-3-one	212
1494	o-Cyanobenzoic acid	147
1495	Salicylamide	137
1501	2,2,2-Trichloro-1-(4-ethoxyphenyl)ethyl n-butylcarbamate	367
1510	4-Methylphthalaldehyde	148
1513	Indole, 3-methyl-2-(2-dimethylaminopropyl)-	216
1514	Fumaric acid, 2-butyl isobutyl ester	228
1515	Suberic acid monomethyl ester	188
1516	Ethanone, 1-[4-(1-hydroxy-1-methylethyl)phenyl]-	178
1519	Cyclopentanone, 3,4-bis(methylene)-	108
1522	3-Penten-2-one, 4-(2,6,6-trimethyl-2-cyclohexen-1-yl)-	206
1523	2H-Pyran-2-one, 5,6-dihydro-6-pentyl-	168
1524	Pyridine, 3-phenyl-	155
1525	1(3H)-Isobenzofuranone, 5-methyl-	148
1526	2H-Indol-2-one, 1,3-dihydro-	133
1531	Benzeneacetic acid, 4-hydroxy-, methyl ester	166
1539	1H-Pyrrole-2-carboxaldehyde, 5-methyl-	109
1541	4-Hydroxy-3-methylacetophenone	150
1546	Hydroperoxide, 1-methylethyl	76
1550	Benzoic acid, p-tert-butyl-	178
1551	Tetraethyleneglycol monomethylether	208
1552	N-Ethyl-1-phenyl-3-butanamine	177
1559	m-Toluic acid, pentyl ester	206
1561	Apocynin	166
1573	1,3-Benzenedicarboxylic acid, dimethyl ester	194
1574	Tetrahydrofuran-2-one, 3-[2-pentenyl]-4-methyl-	168
1575	Tetraethylene glycol	194
1576	Cyclohexanone, 2-octyl-	210
1578	á-D-Glucopyranose, 1,6-anhydro-	162
1585	Butanamide, N-formyl-2-hydroxy-3-methyl-2-(1-methylethyl)-	187
1586	Indene-1,7(4H)-dione, 3a,7a-dihydro-5-methyl-	162
1608	Ethanone, 1-(2,3,4-trichlorophenyl)-	222
1609	Pyrido[2,3-d]pyridazine-5(6H)-thione	163
1614	1-Undecanol	172
1620	1,3-Benzodioxol-5-amine	137
1623	1-Penten-3-one, 1-(2,6,6-trimethyl-2-cyclohexen-1-yl)-	206
1626	1-Naphthalenol	144
1629	1,3-Cyclopentanedione, 4-methyl-5-pentyl-	182
1632	1,8(2H,5H)-Naphthalenedione, hexahydro-8a-methyl-, cis-	180
1633	4-(Phenylmethyl)benzeneethanamine	211
1634	Ethanol, 2-[2-(2-methoxyethoxy)ethoxy]-	164
1636	o-Hydroxybiphenyl	170
1638	Lilial	204
1639	Benzyl sulfone	246
1640	1,2,3,4,5-Cyclopentanepentol	150
1641	Furan, 3-phenyl-	144
1642	3-Hexanol, 2,5-dimethyl-	130
1645	1-Dodecanethiol	202
1646	Nonanoic acid, pentafluorophenyl ester	324
1647	Dibenzofuran	168
1651	Nonanedioic acid, dimethyl ester	216
1654	4-Methoxymethoxy-4-methyl-hex-2-yn-1-ol	172
1655	2-Propanone, 1-(4-hydroxy-3-methoxyphenyl)-	180
1656	2(3H)-Furanone, dihydro-5-phenyl-	162
1659	Benzene, (1-azido-1-methylethyl)-	161
1660	Ethanone, 1-(3-amino-4-methoxyphenyl)-	165
1663	Myristoleic acid	226
1666	Hexanoic acid, anhydride	214
1669	Ethanone, 1-(3-methyloxiranyl)-	100
1680	Benzoic acid, 2-amino-6-chloro-, methyl ester	185
1682	Desulfoglucobrassicin	368
1685	Dodecane, 1-bromo-	248
1686	Dodecanoic acid	200
1687	2-Octene, 1-(methoxymethoxy)-, (E)-	172
1694	2-Furanone, 4-phenyltetrahydro	162
1700	1,3-Diazine	80
1708	2,4-Imidazolidinedione, 5-(2-methylpropyl)-, (S)-	156
1709	á-d-Lyxofuranoside, O-nonyl-	276
1712	Cyclopentadecanone, 4-methyl-	238
1716	[1,2,4]Triazole-3-thione, 4-allyl-2-morpholin-4-ylmethyl-5-phenyl-2,4-dihydro-	259
1720	Benzene, 1-ethyl-4-(2-methylpropyl)-	162
1723	Cyclopropane, 1-acetyl-2-(2,2,2-trichloroethyl)-	214
1726	Dodecane, 1-chloro-	204
1727	n-Tridecan-1-ol	200
1735	1-Octanone, 1-phenyl-	204
1737	7-Methoxymethyl-2,7-dimethylcyclohepta-1,3,5-triene	164
1740	3-tert-Butyl-4-hydroxyanisole	180
1746	2-Pentenoic acid, 4-oxo-, methyl ester, (Z)-	128
1748	5-Nitro-3-cyano-2(1H)-pyridone	165
1751	1-Decen-3-one	154
1753	Hexane, 2-bromo-	164
1757	Benzoic acid, 2-hydroxy-, 2-methylbutyl ester	208
1758	Nonanedioic acid, monomethyl ester	202
1768	Bicyclo[4.3.0]nonan-2-one, 8-isopropylidene-	178
1770	Heptane, 2,3-dimethyl-	128
1775	Benzamide, N,N-diethyl-4-methyl-	191
1776	3-Ethyl-4-nonanol	172
1783	Methanamine, 1-(dicyclohexylphosphino)-N,N-dimethyl-	255
1784	Lauryl acetate	228
1789	Cycloheptane, 1-chloro-3-iodo-	258
1791	Benzene, (1-methylundecyl)-	246
1795	2H-Indeno[1,2-b]furan-2-one, 3,3a,4,5,6,7,8,8b-octahydro-8,8-dimethyl	206
1798	Furan, 4-methyl-2-propyl-	124
1800	Octadecanal	268
1802	2,5-Cyclohexadiene, 1,4-diethyl-1,4-dimethyl-	164
1805	4-Methyloctanoic acid	158
1806	Pentane, 2-methoxy-	102
1808	Fluorene	166
1809	3-Methyl-3H-benzothiazol-2-one	165
1815	Tetrahydrofuran-2-one, 5-[1-hydroxyhexyl]-	186
1824	1,3,5-Triazine-2,4,6-triamine	126
1839	Dec-9-en-6-oxo-1-ylamide	183
1840	11-Bromoundecanoic acid	264
1841	2-(4-(But-2-yl)phenyl)propanoic acid	206
1842	Benzoic acid, 2-methylpropyl ester	178
1843	8,11-Dimethyl-2,9,10-trioxa-6-azonia-1-boratatricyclo[4.3.3.0(1,6)]dodecane	199
1846	Tetrahydrofuran-2-one, 5-[1-hydroxyhexyl]-	186
1847	Propylparaben	180
1848	Benzothiazole, 2-(methylthio)-	181
1850	Benzene, (1-butylnonyl)-	260
1852	Cedrol	222
1853	1H-Pyrrolo[3,4-c]pyridine-1,3,4(2H,5H)-trione, 6-methyl-	178
1858	2,6-Di-O-methyl-d-galactopyranose	208
1860	4,7-Dimethoxyindan-1-one	192
1861	Diphenylamine	169
1867	1-Hydroxy-1,2,3,4-tetrahydronaphthalene-8-carboxaldehyde	176
1872	Benzene, (1-propyloctyl)-	232
1873	Phosphoric acid, dibutyl 1,1-dimethyl-2,2,3,3-tetrafluoropropyl ester	352
1876	(Phenylthio)acetic acid, (4-methoxyphenyl)methyl ester	164
1880	Benzenesulfonamide, 2-methyl-	171
1882	Cyclohexanone, 4-(1,1-dimethylpropyl)-	168
1883	2-Carbomethoxyphenyl isocyanate	177
1884	Benzophenone	182
1886	Clonitazene	386
1891	Decanoic acid, octyl ester	284
1892	Octane, 2,3,3-trimethyl-	156
1893	1-Nonanol, 2,2,3,3,4,4,5,5,6,6,7,7,8,8,9,9,9-heptadecafluoro-	450
1896	Cinnamaldehyde, à-pentyl-	202
1897	Triethyl citrate	276
1903	Benzene, (1-ethylnonyl)-	232
1905	2,4-Octadienal, (E,E)-	124
1907	Methyl-(2-hydoxy-3-ethoxy-benzyl)ether	182
1916	2,5-Dimethoxythiophenol	170
1919	Dodecane, 1-chloro-	204
1920	n-Tridecan-1-ol	200
1923	1,3-Cyclopentadiene, 2-(4-bromobutyl)-5,5-dimethyl-	228
1924	Phenol, 4-(1,1-dimethylpropyl)-	164
1929	Ethanone, 1-(7-hydroxy-5-methoxy-2,2-dimethyl-2H-1-benzopyran-8-yl)-	248
1933	Benzoic acid, 2,4-dihydroxy-6-methyl-, methyl ester	182
1936	Tridecanoic acid, 12-methyl-, methyl ester	242
1941	Allyl levulinate	156
1948	2-Propenoic acid, tridecyl ester	254
1953	n-Hexyl salicylate	222
1954	Valeric acid, 4-pentadecyl ester	312
1957	3-O-Methyl-d-glucose	194
1961	Tridecanenitrile	195
1963	Propanoic acid, 2-methyl-3-[4-t-butyl]phenyl-	220
1964	1(2H)-Acenaphthylenone	168
1965	1-Nitro-á-d-arabinofuranose, tetraacetate	363
1966	Benzenesulfonamide, 4-methyl-	171
1967	2(3H)-Furanone, dihydro-5-methyl-5-(2-methylpropyl)-	156
1972	2-Dodecanone	184
1976	p-Xylylene dithiocyanate	220
1977	2(3H)-Benzothiazolone	151
1978	(S)-(+)-2',3'-Dideoxyribonolactone	116
1979	Methyl myristoleate	240
1984	Patchouli alcohol	222
1985	5H-[1]Benzopyrano[3,4-b]pyridin-5-one, 9-amino-1,2,3,4-tetrahydro-	216
1987	5-Azabenzimidazole	119
1988	4-Methyleneproline	127
1993	2-Hydroxy-2-phenylacetic acid, p-methoxybenzyl ester	272
1995	(S)-(+)-2',3'-Dideoxyribonolactone	116
1997	3-Hexyne, 2,2-dimethyl-1-dimethylamino-	153
1998	Benzene, (1-methylundecyl)-	246
1999	Benzestrol	298
2004	13,16-Octadecadienoic acid, methyl ester	294
2010	Phenol, 2,6-dimethoxy-4-(2-propenyl)-	194
2011	4-(4-Methoxycarbonylbutyl)-4-butanolide	200
2016	Fumaric acid, isohexyl 4-methylpent-2-yl ester	284
2018	m-Anisic acid, 4-nitrophenyl ester	273
2022	Benzaldehyde, 3-phenoxy-	198
2023	Pyrrolidine, 2-methylthio-5-pentyl-	281
2024	1,2-Cyclopentanedione, 3-phenyl-	174
2028	Benzoic acid, 2-ethylhexyl ester	234
2037	2H-Pyran-2-one, 6-heptyltetrahydro-	198
2039	Acetaminophen	151
2041	1-Hexanamine, 2-ethyl-N-(2-ethylhexyl)-N-methyl-	255
2043	1,3-Cyclohexadiene-1-carboxylic acid, 2,6,6-trimethyl-, ethyl ester	194
2044	1,2-Benzenediol, o-(1-adamantancarbonyl)-o'-(cyclobutanecarbonyl)-	354
2045	Methyl propyl phthalate	222
2046	Benzoic acid, 2,4-dihydroxy-3,6-dimethyl-, methyl ester	196
2047	p-Hydroxybiphenyl	170
2048	Benzene, (1-pentylheptyl)-	246
2050	Decanamide, N-(2-hydroxyethyl)-	215
2051	1,1'-Biphenyl, 2,2'-diethyl-	210
2056	Celestolide	244
2057	m-Anisic acid, 4-cyanophenyl ester	253
2058	1,3-Cyclohexadiene-1-carboxylic acid, 2,6,6-trimethyl-, ethyl ester	194
2059	Benzene, 1,1'-butylidenebis-	210
2060	2(1H)-Naphthalenone, 3,4-dihydro-	146
2061	2-Furancarboxylic acid, tetrahydro-3-methyl-5-oxo-, methyl ester	158
2066	1,2(4H)-Oxazine-3-ol, 5,6-dihydro-6-oxo-, benzoate	219
2069	Cotinine	176
2071	1H-Indene, 2,3-dihydro-1,1,3-trimethyl-3-phenyl-	236
2072	1,4-Benzenediol, 2,6-bis(1,1-dimethylethyl)-	222
2077	Phenol, 2-(1-phenylethyl)-	198
2079	1,4,7,10,13,16,19,22-Octaoxacyclotetracosane-2,14-dione	380
2082	Benzene, (1-propyldecyl)-	260
2083	3-(4-Buthoxybenzylthio)-1,2,4-(4H)-triazole	263
2084	Phenol, 4-(1,1-dimethylpropyl)-	164
2085	1-(2,4-Dihydroxybenzoyl)-3-ethyl-5-trifluoromethyl-5-hydroxy-2-pyrazoline	318
2090	Benzoic acid, 1-methylethyl ester	164
2091	Ethanone, 1-(4-hydroxy-3,5-dimethoxyphenyl)-	196
2093	3-(4-Buthoxybenzylthio)-1,2,4-(4H)-triazole	263
2095	Benzamide, N-propyl-	163
2098	Tetradecanoic acid	228
2100	o-Anisic acid, tridec-2-ynyl ester	330
2101	1,3-Cyclopentadiene, 1-(4-bromobutyl)-5,5-dimethyl-	228
2117	Phenol, 2,5-bis(1-methylethyl)-	178
2129	Phenol, 4-(1,1-dimethylpropyl)-	164
2131	7-Acetyl-2-hydroxy-2-methyl-5-isopropylbicyclo[4.3.0]nonane	238
2135	1H-Isoindole-1,3(2H)-dione, 2-(2-hydroxyethyl)-	191
2141	Pentadecane, 1-bromo-	290
2143	Benzene, 1,1'-butylidenebis-	210
2146	Phthalic acid, methyl neopentyl ester	250
2150	Benzene, (1-ethyloctyl)-	218
2152	2,2-diphenylpropionic acid, 2,2,2-trifluoroethyl ester	308
2153	Swep	219
2159	Tetradecane, 1-chloro-	232
2160	Hexadecen-1-ol, trans-9-	240
2161	Naphthalene, 6,7-diethyl-1,2,3,4-tetrahydro-1,1,4,4-tetramethyl-	244
2164	2,6-Pyridinedicarboxylic acid, octyl phenethyl ester	383
2165	Tri(2-chloroethyl) phosphate	284
2166	Benzo[h]cinnoline	180
2169	Pentadecanoic acid, 14-methyl-, methyl ester	270
2176	3,5-di-tert-Butyl-4-hydroxybenzaldehyde	234
2177	Tetraethyleneglycol monomethylether	208
2183	Benzyl Benzoate	212
2185	1-Butanone, 1-(2,4,6-trihydroxy-3-methylphenyl)-	210
2188	Tridecanoic acid, 12-methyl-, methyl ester	242
2190	Trichloroacetic acid, 1-adamantylmethyl ester	310
2191	2-Butenoic acid, 3-[[(ethylamino)methoxyphosphinothioyl]oxy]-, 1-methylethyl ester, (E)-	281
2192	Phthalic acid, ethyl nonyl ester	320
2196	cis-à-Bisabolene	204
2200	Pentaethylene glycol	238
2201	Naphtho[2,1-b]thiophene	184
2203	13,16-Octadecadienoic acid, methyl ester	294
2208	1-Pentadecanol acetate	270
2217	N-Methyldodecanamide	213
2222	N-(2-Cyano-ethyl)-benzenesulfonamide	210
2235	Diazinone	304
2236	2-Propanol, 1-chloro-, phosphate (3:1)	326
2239	Benzenemethanol, 3-phenoxy-	200
2249	Benzoic acid, 2-hydroxy-, pentyl ester	208
2254	2,3-Quinoxalinedione, 1,4-dihydro-6-methyl-	176
2263	Phenanthrene	178
2271	2-Propanol, 1-chloro-, phosphate (3:1)	326
2272	4-O-Acetyl-2,5-di-O-methyl-3,6-dideoxy-d-gluconitrile	215
2274	Benzene, (1-pentylheptyl)-	246
2275	Tetradecanoic acid	228
2280	Phenol, 2-(1-phenylethyl)-	198
2287	2-(2-Diethylaminoethylamino)ethanol	160
2295	Benzene, (1-butylnonyl)-	260
2298	6,6,7-Trimethyl-octane-2,5-dione	184
2301	2-Pentadecanone, 6,10,14-trimethyl-	268
2302	Oleic Acid	282
2319	Indole-5-aldehyde	145
2341	2,4-Diphenyl-4-methyl-2(E)-pentene	236
2348	Pentadecanoic acid	242
2353	2-Ethylhexyl methyl isophthalate	292
2356	Pyrrolizidine-3-one, 5-propyl-	167
2378	Phenanthridine	179
2385	3,4'-Diisopropylbiphenyl	238
2390	Isophthalic acid, ethyl 2-methylprop-2-en-1-yl ester	248
2396	Ethanol, 2-[4-(1,1-dimethylpropyl)phenoxy]-	208
2400	9H-Carbazole, 9-nitroso-	196
2401	Dodecane, 1-chloro-	204
2407	Caffeine	194
2412	Pentadecanoic acid, 14-methyl-, methyl ester	270
2423	Acetamide, N-hexyl-	143
2424	Tonalid	258
2425	Benzene, 1-(1,1-dimethylethyl)-3,5-dimethyl-2,4,6-trinitro-	297
2435	Myristic acid vinyl ester	254
2446	6-Chloro-4-methyl-2-oxo-2H-chromen-7-yl N,N-dimethylcarbamate	281
2448	Benzocyclododecene, 2,3-diethyl-4a,5,6,7,8,9,10,11,12,13-decahydro-	272
2449	3-Benzyloxy-4-ethoxyphenylacetonitrile	267
2450	Dibenzothiophene, 3-methyl-	198
2461	2-Penten-1-amine, N,N,2-trimethyl-, (E)-	127
2474	Ethanone, 2,2-dimethoxy-1,2-diphenyl-	256
2475	Theobromine	180
2482	Acridine, 9,10-dihydro-	181
2484	Benzene, (1-methyldecyl)-	232
2489	4-Methylnaphtho[1,2-b]thiophene	198
2495	Pyrene, 1,3-dimethyl-	230
2503	3,4'-Diisopropylbiphenyl	238
2504	Dibutyl phthalate	278
2516	Bayer 28,589	251
2520	Clorophene	218
2528	Cyclopenta[g]-2-benzopyran, 1,3,4,6,7,8-hexahydro-4,6,6,7,8,8-hexamethyl-	258
2545	Anthracene, 1-methyl-	192
2549	Cyclopenta[g]-2-benzopyran, 1,3,4,6,7,8-hexahydro-4,6,6,7,8,8-hexamethyl-	258
2554	Propanamide, N-hexyl-	157
2556	1,4-Diphenyl-1-pentanone	238
2557	2-Cyclohexylpiperidine	167
2558	Phenanthrene, 1-methyl-	192
2559	1-Methyldibenzothiophene	198
2571	Pyrrolo[1,2-a]pyrazine-1,4-dione, hexahydro-3-(2-methylpropyl)-	210
2588	Acridine, 9,10-dihydro-9,9-dimethyl-	209
2607	4H-Cyclopenta[def]phenanthrene	190
2612	1,2-Benzenedicarboxylic acid, butyl octyl ester	334
2615	Anthracene, 1-methyl-	192
2616	Pyrrolo[1,2-a]pyrazine-1,4-dione, hexahydro-3-(2-methylpropyl)-	210
2625	Ethanol, 2-[4-(1,1-dimethylpropyl)phenoxy]-	208
2634	3H-Imidazo(4,5-f)quinoline, 3-methyl-	183
2636	Ethanol, 2-[2-(4-nonylphenoxy)ethoxy]-	308
2642	Octadecanoic acid, ethyl ester	312
2646	3H-Isobenzofuran-1-one, 6,7-dimethoxy-3-p-tolylamino-	299
2655	Phenylethyl salicylate	242
2656	3-Ethyldibenzothiophene	212
2659	Hexadecanoic acid, 15-methyl-, methyl ester	284
2667	1,7-Dimethyldibenzothiophene	212
2680	Benzene, 1,3-dimethoxy-5-[(1E)-2-phenylethenyl]-	240
2684	ç-Dodecalactone	198
2685	Musk ketone	294
2692	1,3-Dioxolane, 2-(4-methoxyphenyl)-2-methyl-	194
2695	Chlorpyrifos	349
2696	Naphtho[2,3-b]thiophene, 4,9-dimethyl-	212
2697	Naphthalene, 2-phenyl-	204
2704	3,7-Dimethyldibenzothiophene	212
2706	9,10-Anthracenedione	208
2711	Ethanol, 2-[4-(1,1-dimethylpropyl)phenoxy]-	208
2712	2-Propen-1-one, 1,3-diphenyl-, (E)-	208
2715	(S)(+)-Z-13-Methyl-11-pentadecen-1-ol acetate	282
2719	Methanone, bis(2-chlorophenyl)-	250
2720	9H-Pyrido[3,4-b]indole	168
2724	1H-Naphtho[2,1-b]pyran, 3-ethenyldodecahydro-3,4a,7,7,10a-pentamethyl-, [3R-(3à,4aá,6aà,10aá,10bà)]-	290
2728	1(2H)-Naphthalenone, 3,4-dihydro-4-phenyl-	222
2729	Phenol, 2-[(4-hydroxyphenyl)methyl]-	200
2730	4'-(1-Pyrroyl)acetophenone	185
2736	5á-Podocarpa-8,11,13-trien-16-oic acid, methyl ester	272
2747	2,8-Dimethyldibenzo(b,d)thiophene	212
2754	Methyl 2-ethylhexyl phthalate	292
2758	N-(2-Ethylhexyl)-5-norbornene-2,3-dicarboximide	275
2759	Naphtho[2,3-b]thiophene, 4,9-dimethyl-	212
2760	Eicosane, 2-methyl-	296
2765	Phenanthrene, 1,7-dimethyl-	206
2774	1-Phenanthrenecarboxaldehyde, 1,2,3,4,4a,9,10,10a-octahydro-1,4a-dimethyl-7-(1-methylethyl)-, [1S-(1à,4aà,10aá)]-	284
2780	Tridecanoic acid	214
2782	Phenylmethanediol dibutanoate	264
2784	Phenanthrene, 1,7-dimethyl-	206
2788	Tetradecane	198
2798	2,5,8,11,14-Pentaoxahexadecan-16-ol	252
2800	Oxybenzone	228
2805	p-Dicyclohexylbenzene	242
2806	N-(2-Ethylhexyl)-5-norbornene-2,3-dicarboximide	275
2818	4-Oxazolecarboxylic acid, 4,5-dihydro-2-phenyl-, 1-methylethyl ester	233
2823	Cycloeicosane	280
2829	Di(E)-but-2-enyl phthalate	274
2831	Fumaric acid, dicyclohexyl ester	280
2833	Pentaethylene glycol	238
2835	1,1'-Biphenyl, 2,2'-dimethyl-6,6'-dinitro-	272
2846	Hexaethylene glycol	282
2855	1-(p-Cumenyl)adamantane	254
2860	Methoxyacetic acid, 3-tetradecyl ester	286
2874	9,12-Octadecadienoic acid, methyl ester	294
2881	Phenanthrene, 2,5-dimethyl-	206
2888	trans-13-Octadecenoic acid, methyl ester	296
2890	Acetamide, N-hexyl-	143
2902	Phenanthrene, 2,3-dimethyl-	206
2904	Cyclopenta(def)phenanthrenone	204
2905	Phenol, 2-[(4-hydroxyphenyl)methyl]-	200
2910	2-(2H-Benzotriazol-2-yl)-5-methylphenol	225
2920	Naphthalene-2-carbonitrile, 1,2,3,4-tetrahydro-2-oxo-spiro-3-cyclohexane-	239
2929	Benzenamine, 4,4'-methylenebis[2-methyl-	226
2942	4'-Ethyl-4-biphenylcarboxylic acid	226
2943	Pyrene	202
2944	Thiabendazole	201
2949	1-Propanol, dl-2-benzylamino-,	165
2953	4H-Benz[de]anthracene, 5,6-dihydro-	218
2954	Phenanthrene, 1,7-dimethyl-	206
2995	Cyclopentene,1-hexyl-	152
2998	Benzenamine, 4,4'-methylenebis[2-methyl-	226
3000	Naphtho(2,1,8-def)quinoline	203
3006	Triclosan	288
3009	Pyrene	202
3018	Fumaric acid, dicyclohexyl ester	280
3019	cis-Chlordane	406
3032	Benzenamine, 4,4'-methylenebis[2-methyl-	226
3036	Benzene, 1,1'-cyclohexylidenebis-	236
3039	9,10-Anthracenedione, 2-methyl-	222
3041	Phenaleno[1,9-bc]thiophene	208
3061	Ethanol, 2-[2-[4-(1,1,3,3-tetramethylbutyl)phenoxy]ethoxy]-	294
3062	Tonalid	258
3065	Benzenamine, 4,4'-methylenebis[2-methyl-	226
3075	Indeno[2,1-b]chromene,	218
3076	2-Naphthalenamine, 1,2,3,4-tetrahydro-N-methyl-1-(2-methyl-1-propenyl)-, trans-	215
3077	Pyrene	202
3081	Hexadecanoic acid, 1,1-dimethylethyl ester	312
3082	2-Propenoic acid, 3-(4-methoxyphenyl)-, 2-ethylhexyl ester	290
3084	Benzoic acid, 3,3,5-trimethyl-6-oxo-2-phenyl-3,6-dihydro-2H-pyran-4-yl ester	336
3085	1,4-Ethenoanthracene, 1,4-dihydro-	204
3090	Chlordane	406
3093	Octadecanoic acid, ethyl ester	312
3100	Benzenamine, 4,4'-methylenebis[2-methyl-	226
3101	p-Terphenyl	230
3102	Benzeneacetaldehyde, à,à-diphenyl-	272
3103	1-Dimethyl(3-chloropropyl)silyloxypropane	194
3108	cis-Nonachlor	440
3109	Phenanthrene, 2,3,5-trimethyl-	220
3116	Benzo[kl]xanthene	218
3121	Triethylene glycol di(2-ethylhexoate)	402
3124	Cyclopropylphenylmethane	132
3128	Phenanthrene, 2,3,5-trimethyl-	220
3132	3-Amino-5-pyrazolol	99
3133	Benzoic acid, tridecyl ester	304
3134	à-d-Galactopyranoside, methyl 2-(acetylmethylamino)-2-deoxy-3,4-di-O-methyl-, 6-acetate	319
3135	Aziridine, 1,2-dimethyl-3-phenyl-	147
3137	2-Aminodiphenylsulfone	233
3143	Phenanthrene, 2,3,5-trimethyl-	220
3144	Indeno[2,1-b]chromene,	218
3145	l-isoleucine, N-dinitrophenyl-	297
3146	Phenol, 4,4'-(1-methylethylidene)bis-	228
3154	p,p'-DDE	316
3155	Cycloisolongifolene, 8,9-dehydro-9-vinyl-	228
3159	2-[2-[2-Methoxyethoxy]ethoxy-1,3-dioxalane	192
3162	1-Phenanthrenecarboxylic acid, 1,2,3,4,4a,9,10,10a-octahydro-1,4a-dimethyl-, methyl ester, [1S-(1à,4aà,10aá)]-	272
3163	Phenanthrene, 2,3,5-trimethyl-	220
3171	Methyl dehydroabietate	314
3172	9-Anthracenecarbonitrile	203
3176	Androst-5-en-17-one, 3-(acetyloxy)-19-hydroxy-, (3á)-	346
3177	Benzene, 1,1'-sulfonylbis(4-methyl-)	246
3182	9-Ethyl-10-methylanthracene	220
3186	Phthalic acid, 2-methylpent-3-yl octadecyl ester	502
3191	Propanal, 2-methyl-, ethylhydrazone	114
3192	1,7,7-Trimethyl-3-phenethylidenebicyclo[2.2.1]heptan-2-one	254
3194	Dibenzo[b,d]thiophene, 1,3,6,7-tetramethyl-	240
3195	7H-Benzo[c]fluorene	216
3202	Phthalic acid, hex-3-yl isohexyl ester	334
3203	Phenanthrene, 2,3,5-trimethyl-	220
3210	4H-Benzo[def]carbazole	191
3217	3-Ethoxy-5-propoxymethyl-4,5-dihydroisoxazole	187
3219	Dibutyl phthalate	278
3221	Phenanthrene, 2,3,5-trimethyl-	220
3227	Tributyl acetylcitrate	402
3230	Benzoic acid, 4-(methylamino)-	151
3232	3H-Cycloocta[c]pyran-3-one, 5,6,7,8,9,10-hexahydro-4-isopropyl-1-phenyl-	296
3239	Ethanol, 2-[2-[4-(1,1,3,3-tetramethylbutyl)phenoxy]ethoxy]-	294
3240	Benzene, 1,3-dimethoxy-5-[(1E)-2-phenylethenyl]-	240
3241	Cyclohexanone, 2,4-diacetyl-5-hydroxy-3-(4-methoxyphenyl)-5-methyl-	318
3247	2-Isopropyl-10-methylphenanthrene	234
3248	Allococaine	303
3249	2H-Phenanthro[9,10-b]pyran	232
3251	l-Alanine, N-(p-toluoyl)-, hexyl ester	291
3252	Triethylene glycol monododecyl ether	318
3253	Phthalic acid, cyclobutyl heptyl ester	318
3256	Fluoranthene, 2-methyl-	216
3268	Cocaine	303
3272	N1-Isopropyl-2-methyl-1,2-propanediamine	130
3274	Oxiraneoctanoic acid, 3-octyl-, methyl ester, cis-	312
3277	2,6-Diphenylpyridine	231
3286	1,2-Benzenedicarboxylic acid, bis(4-methylpentyl) ester	334
3297	Padimate O	277
3306	l-Alanine, N-(p-toluoyl)-, hexyl ester	291
3309	Phthalic acid, 2-chloropropyl heptyl ester	340
3322	2H-Phenanthro[9,10-b]pyran	232
3324	Pyrene, 2-methyl-	216
3325	1,8-Diazacyclotetradecane-2,7-dione	226
3330	7-Isopropyl-1,1,4a-trimethyl-1,2,3,4,4a,9,10,10a-octahydrophenanthrene	270
3332	4-(Tetrahydro-1H-pyrrol-1-ylsulfonyl)aniline	226
3337	(3-Methylphenyl) methanol, 1-methylpropyl ether	178
3338	Benzoic acid, pentadecyl ester	332
3341	Tert-octyldiphenylamine	281
3342	Propanoic acid, 2-(benzoylamino)-3-phenyl-, methyl ester	283
3343	Anthracene, 9-(2-propenyl)-	218
3349	Phthalic acid, 2-chloropropyl heptyl ester	340
3350	Ethanol, 2-[2-[4-(1,1,3,3-tetramethylbutyl)phenoxy]ethoxy]-	294
3357	2H-Phenanthro[9,10-b]pyran	232
3361	Cyclopentanetridecanoic acid, methyl ester	296
3363	Phthalic acid, 8-chlorooctyl heptyl ester	410
3368	1,8-Diazacyclotetradecane-2,9-dione	226
3374	1-Propanol, dl-2-benzylamino-,	165
3378	Pyrene, 4-methyl-	216
3385	2-Propenoic acid, 3-(4-methoxyphenyl)-, 2-ethylhexyl ester	290
3386	3H-2-Benzopyran-3-one, octahydro-	154
3390	7H-Benzo[c]fluorene	216
3395	15-Isobutyl-(13àH)-isocopalane	332
3397	2,5,8,11,14-Pentaoxahexadecan-16-ol	252
3398	Acridin-9-amine, 1,2,3,4-tetrahydro-5,8-dimethyl-	226
3411	3,3,5,5-Tetramethylcyclopentene	124
3412	4H-[1,2,4]Triazole-3-thiol, 4-benzyl-5-furan-2-yl-	257
3417	Phthalic acid, hexyl nonyl ester	376
3420	Naphtho[2',3':4,5]imidazo[1,2-a]pyridine-6,11-dione	248
3422	1-Phenanthrenecarboxylic acid, 1,2,3,4,4a,5,6,7,8,9,10,10a-dodecahydro-1,4a-dimethyl-7-(1-methylethyl)-, methyl ester, [1R-(1à,4aá,7á,10aà)]-	318
3423	Phenanthrene, 3,4,5,6-tetramethyl-	234
3429	4,8,12,16-Tetramethylheptadecan-4-olide	324
3431	2H-Pyran-2-one, tetrahydro-6-nonyl-	226
3434	1-Propanol, 2,3-dichloro-, phosphate (3:1)	428
3444	Eicosanoic acid, phenylmethyl ester	402
3456	Methyl dehydroabietate	314
3457	Benzyl butyl phthalate	312
3466	Benzoimidazol-2-one, 1-adamantan-1-yl-1,3-dihydro-	268
3476	Phthalic acid, 5-methylhex-2-yl pentadecyl ester	474
3483	Benzeneethanamine, 2-fluoro-á,3,4-trihydroxy-N-isopropyl-	229
3491	15-Isobutyl-(13àH)-isocopalane	332
3512	Ethanol, 2-butoxy-, phosphate (3:1)	398
3513	1-Phenanthrenemethanol, 1,2,3,4,4a,9,10,10a-octahydro-1,4a-dimethyl-7-(1-methylethyl)-, [1S-(1à,4aà,10aá)]-	286
3518	Benzoic acid, pentadecyl ester	332
3530	Pyrene, 1,3-dimethyl-	230
3531	11H-Benzo[a]fluoren-11-one	230
3533	Isovaleric acid, eicosyl ester	382
3536	Piperonyl butoxide	338
3537	1(3H)-Isobenzofuranone, 5,6-dimethoxy-7-nitro-	239
3546	Phthalic acid, 5-methylhex-2-yl pentadecyl ester	474
3547	5-Acetyl-4-(2-furyl)-4,5,6,7-tetrahydro-6-hydroxy-3,6-dimethyl-1H-benzindazole	228
3555	Triphenyl phosphate	326
3561	26-Deoxy-26-ethylaminodihydroneotigogenin	445
3571	Pyrene, 1,3-dimethyl-	230
3572	2-Propen-1-one, 1-(2,6-dihydroxy-4-methoxyphenyl)-3-phenyl-, (E)-	270
3577	4-Chlorobutyric acid, pentadecyl ester	332
3581	Phosphoric acid, isodecyl diphenyl ester	390
3586	Benzo[b]naphtho[2,3-d]thiophene	234
3587	6H-Benz[de]anthracen-6-one	230
3594	5H-Pyrrolo[2,3-b]pyrazine-2,3-dicarbonitrile, 6-amino-5-(2-dimethylaminoethyl)-7-(1-methyl-1H-benzoimidazol-2-yl)-	385
3595	2-[p-Chlorostyryl]-4-[4-[diethylamino]-1-methylbutyl]amino-6-methoxyquinoline	451
3596	Benzoyl chloride, 4-pentyl-	210
3597	Phthalic acid, 6-ethyl-3-octyl heptyl ester	404
3605	Ethanol, 2-[2-[2-[4-(1,1,3,3-tetramethylbutyl)phenoxy]ethoxy]ethoxy]-	338
3613	Benzo[ghi]fluoranthene	226
3620	Benz[c]acridine	229
3626	trans-anti-trans-Tricyclo[7.3.0.0(2,6)]-7-dodecene	162
3628	N-carbobenzyloxy-propan-3-ol-1-amine	374
3629	2-Cyclohexylpiperidine	167
3633	Phenanthro[4,3-b]thiophene	234
3641	Phthalic acid, 2-chloropropyl hexyl ester	326
3642	Benzene, (5-iodopentyl)-	274
3644	11H-Benzo[a]fluoren-11-one	230
3651	Benzamide, N-propyl-	163
3656	1,2-Benzenedicarboxylic acid, diheptyl ester	362
3667	13-Isopropylpodocarpen-12-ol-20-al	300
3676	Diethylene glycol dibenzoate	314
3677	Benzo[b]naphtho[2,1-d]thiophene	234
3681	l-Alanine, N-(p-toluoyl)-, hexyl ester	291
3691	5-n-Propylhydantoin	142
3692	4H-1-Benzopyran-4-one, 2,3-dihydro-5,7-dimethoxy-2-phenyl-	284
3698	Acetamide, N-hexyl-	143
3702	Benzene, 1,4-diethyl-2,3,5,6-tetramethyl-	190
3704	11H-Benzo[a]fluoren-11-one, 10-methyl-	244
3710	Benzoic acid, pentadecyl ester	332
3715	Naphtho(2,1-f)quinoline	229
3721	Phenol, 2,4-bis(1-phenylethyl)-	302
3722	Benz[a]anthracene	228
3727	Benzene, 1,1'-(1,1,2,2-tetramethyl-1,2-ethanediyl)bis-	238
3728	Butanedioic acid, 2,3-bis(benzoyloxy)-, [S-(R*,R*)]-	358
3729	2,3,4,5-Tetrafluorobenzyl alcohol, isopropyl ether	222
3730	Benzene, (1-azido-1-methylethyl)-	161
3732	1,3,4-Oxadiazole-2(3H)-thione, 5-(2-bromophenyl)-3-benzyl(methyl)aminomethyl-	389
3735	Benzo(c)carbazole	217
3745	1-Phenyldibenzofuran	244
3746	Benz[a]anthracene	228
3761	Cyclopropanecarboxylic acid, 2,2-dimethyl-3-(2-methyl-1-propenyl)-, (3-phenoxyphenyl)methyl ester, (1R-cis)-	350
3766	1-Phenyldibenzofuran	244
3770	Diisooctyl phthalate	390
3771	Bis(2-ethylhexyl) phthalate	390
3787	Cyclopropanecarboxylic acid, 2,2-dimethyl-3-(2-methyl-1-propenyl)-, (3-phenoxyphenyl)methyl ester, (1R-cis)-	350
3801	Cyclopenta(cd)pyrene, 3,4-dihydro-	228
3806	Propanamide, N-hexyl-	157
3810	2-Phenylbutyryl chloride	182
3820	1H-Indene, 2,3-dihydro-1,1,3-trimethyl-3-phenyl-	236
3823	Phosphoric acid, (1-methylethyl)phenyl diphenyl ester	368
3832	Dibromophenyl ether	482
3834	6H-Benz[de]anthracen-6-one	230
3837	Dodecanoic acid, phenylmethyl ester	290
3838	Carbonic acid, octyl phenyl ester	250
3841	2-Methylbenzo[b]naphtho[2,1-d]thiophene	248
3854	Benzo(b)carbazole	217
3861	Benzeneethanamine, 2-fluoro-á,3,4-trihydroxy-N-isopropyl-	229
3862	Phthalic acid, 6-methylhept-2-yl octyl ester	390
3864	Naphtho[2,1,8,7-klmn]xanthene	242
3875	(2,3-Diphenylcyclopropyl)methyl phenyl sulfoxide, trans-	332
3882	Acetic acid, 3-ethoxy-4,5-dihydroisoxazol-5-ylmethyl ester	187
3890	Phthalic acid, 4-methylhept-3-yl undecyl ester	432
3894	4-Hydroxy-1-indanone	148
3895	11H-Benzo[a]carbazole	217
3901	Phthalic acid, monoamide, N,N'-diethyl-N,N'-diphenyl-	372
3909	Cannabinol	310
3910	Benzene, 1,1'-(1,4-dimethyl-1-butene-1,4-diyl)bis-	236
3916	Benzoic acid, undecyl ester	276
3919	7-Oxodehydroabietic acid, methyl ester	328
3924	Benzenemethanol, 2-hydroxy-5-methyl-	138
3949	4H-1-Benzopyran-4-one, 5-hydroxy-7-methoxy-2-phenyl-	268
3954	Benz[a]anthracene, 12-methyl-	242
3959	Benzoic acid, 4-(4-ethylcyclohexyl)-, 4-butoxy-2,3-dicyanophenyl ester	430
3962	2H-Pyran, tetrahydro-2-(12-pentadecynyloxy)-	308
3967	Benzene, 1,1'-(1,4-dimethyl-1-butene-1,4-diyl)bis-	236
3970	Phthalic acid, benzyl isobutyl ester	312
3973	Benz(a)anthracene-7,12-dione	258
3979	Phthalic acid, octyl 2-propylpentyl ester	390
3991	2-Hexadecyl-5-methylpyrrolidine	309
3992	Benzenesulfonyl chloride, 2,4,6-tris(1-methylethyl)-	302
4000	Phenol, 2-(2H-benzotriazol-2-yl)-4,6-bis(1,1-dimethylpropyl)-	351
4001	Piperonyl butoxide	338
4009	Octocrylene	361
4011	1,1'-Biphenyl, 2-formyl-4',5',6'-trimethoxy-	272
4017	9-Oximino-2,7-diethoxyfluorene	283
4022	Phenol, 2-(5-chloro-2H-benzotriazol-2-yl)-4,6-bis(1,1-dimethylethyl)-	357
4040	3-Phenoxybenzhydrazide	228
4075	1,3,4-Oxadiazole-2(3H)-thione, 5-(2-bromophenyl)-3-benzyl(methyl)aminomethyl-	389
4078	Phthalic acid, heptyl undecyl ester	418
4081	1H-Isoindole, 2,3-dihydro-	119
4082	Phthalic acid, bis(7-methyloctyl) ester	418
4083	Phthalic acid, 5-methylhex-2-yl heptadecyl ester	502
4084	Ethanol, 2-[2-[2-[2-[p-(1,1,3,3-tetramethylbutyl)phenoxy]ethoxy]ethoxy]ethoxy]-	382
4085	Permethrine	390
4086	7-Phenylisoquinoline	205
4087	Benzo[b]naphtho[2,3-d]thiophene, 6,8-dimethyl-	262
4089	1,2-Benzenedicarboxylic acid, mono(2-ethylhexyl) ester	278
4105	3-Pyridinecarbonitrile, 1,4-dihydro-1-methyl-	120
4108	Cannabinol, O-trimethylsilyl-	382
4134	Piperine	285
4142	à-[2-Piperidyl]-2,6-di-[p-trifluoromethylphenyl]-4-pyridinemethanol	480
4147	1,3-Propanediamine, N'-(4-chlorophenyl)-N,N,2-trimethyl-	226
4153	Octabenzone	326
4157	1-Decanol, 10-[(tetrahydro-2H-pyran-2-yl)oxy]-	258
4160	Dibenzyl phthalate	346
4174	9H-Fluorene, 9-(phenylmethylene)-	254
4187	Squalene	410
4218	Acetamide, N-(3-dimethylaminopropyl)-2-(1,3-dimethyl-2,6-dioxo-1,2,3,6-tetrahydropurin-7-yl)-	322
4223	2,2',4,4',5,-Penabromodiphenyl ether	560
4237	Benzo[k]fluoranthene	252
4238	Benzo(a)pyrene-4,5-dione	282
4256	5H-Indeno[1,2-b]pyridin-5-ol, 5-allyl-4-amino-	238
4292	Dimantine	297
4378	5-Chlorovaleric acid, 3-pentadecyl ester	346
4418	Dimantine	297
4445	2,3,6-Trichlorobenzoyl chloride	242
4474	Perylene, 3-methyl-	266
4494	Hydroxyclomipramine	330
4498	Miconazole	414
4528	17.alfa.,21á-28,30-Bisnorhopane	384
4573	Carinol	378
4591	Binaphthyl sulfone	318
4599	à-Tocopheryl acetate	472
4632	Picene	278
4707	Benzo[ghi]perylene	276
4744	cis-Vaccenic acid	282
4757	Benzene, 1,1'-(1,4-dimethyl-1-butene-1,4-diyl)bis-	236
4771	1,8-Diazacyclotetradecane-2,9-dione	226
